turbine_id,wkt_geom,Turbine id,Date of or,Capacity (,Rotor diam,Blade length m,Hub height,Manufactur,Model,Local auth,Local au_1,Type of lo,Cadastral,Cadastra_1,longitude,latitude,Origin of
T01,Point (503496.19000000000232831 6169445.67999999970197678),5.70715E+17,20 11 2012,3000,90,43.5,80,Vestas Wind Systems A/S,V 90-3 MW,530,Billund,LAND,"Gilbjerg By, Hejnsvig",1a,503496.19,6169445.68,SDFE2018
T02,Point (503231.90999999997438863 6169583.75999999977648258),5.70715E+17,20 11 2012,3000,90,43.5,80,Vestas Wind Systems A/S,V 90-3 MW,530,Billund,LAND,"Gilbjerg By, Hejnsvig",1a,503231.91,6169583.76,SDFE2018
T03,Point (502968.29999999998835847 6169720.71999999973922968),5.70715E+17,21 11 2012,3000,90,43.5,80,Vestas Wind Systems A/S,V 90-3 MW,530,Billund,LAND,"Gilbjerg By, Hejnsvig",3a,502968.3,6169720.72,SDFE2018
T04,Point (502702.80999999999767169 6169860.46999999973922968),5.70715E+17,20 11 2012,3000,90,43.5,80,Vestas Wind Systems A/S,V 90-3 MW,530,Billund,LAND,"Gilbjerg By, Hejnsvig",2o,502702.81,6169860.47,SDFE2018
T05,Point (490581.03000000002793968 6181838.5400000000372529),5.70715E+17,13 11 2012,3075,112,54.5,84,Vestas Wind Systems A/S,V112-3.0MW,530,Billund,LAND,"Jerrig by, Grindsted",2b,490581.03,6181838.54,SDFE2018
T06,Point (490315 6182045.95000000018626451),5.70715E+17,5 11 2012,3075,112,54.5,84,Vestas Wind Systems A/S,V112-3.0MW,530,Billund,LAND,"Jerrig by, Grindsted",2b,490315,6182045.95,SDFE2018
T07,Point (490048.63000000000465661 6182253.00999999977648258),5.70715E+17,8 11 2012,3075,112,54.5,84,Vestas Wind Systems A/S,V112-3.0MW,530,Billund,LAND,Jeerrig by,2p,490048.63,6182253.01,SDFE2018
T08,Point (486575.21000000002095476 6185007.78000000026077032),5.70715E+17,19 03 2013,3075,112,54.5,94,Vestas Wind Systems A/S,V112-3.0MW,530,Billund,LAND,Urup,4a,486575.21,6185007.78,SDFE2018
T09,Point (486598.28000000002793968 6184649.42999999970197678),5.70715E+17,19 03 2013,3075,112,54.5,94,Vestas Wind Systems A/S,V112-3.0MW,530,Billund,LAND,Urup,4a,486598.28,6184649.43,SDFE2018
T10,Point (486621.30999999999767169 6184297.96999999973922968),5.70715E+17,19 03 2013,3075,112,54.5,94,Vestas Wind Systems A/S,V112-3.0MW,530,Billund,LAND,Urup,4a,486621.31,6184297.97,SDFE2018
T11,Point (487059.07000000000698492 6185157.13999999966472387),5.70715E+17,21 03 2013,3075,112,54.5,94,Vestas Wind Systems A/S,V112-3.0MW,530,Billund,LAND,Urup,4a,487059.07,6185157.14,SDFE2018
T12,Point (487081.84999999997671694 6184800.65000000037252903),5.70715E+17,21 03 2013,3075,112,54.5,94,Vestas Wind Systems A/S,V112-3.0MW,530,Billund,LAND,Urup,4a,487081.85,6184800.65,SDFE2018
T13,Point (487105.52000000001862645 6184447.51999999955296516),5.70715E+17,22 03 2013,3075,112,54.5,94,Vestas Wind Systems A/S,V112-3.0MW,530,Billund,LAND,Urup,4a,487105.52,6184447.52,SDFE2018
T14,Point (503494.09000000002561137 6172288.44000000040978193),5.71313E+17,23 07 2013,2000,80,38.5,78,Vestas Wind Systems A/S,V 80-2 MW VCS,530,Billund,LAND,"Trøllund By, Hejnsvig",2i,503494.09,6172288.44,SDFE2018
T15,Point (503349.40000000002328306 6172483.90000000037252903),5.71313E+17,25 07 2013,2000,80,38.5,78,Vestas Wind Systems A/S,V 80-2 MW VCS,530,Billund,LAND,"Trøllund By, Hejnsvig",2i,503349.4,6172483.9,SDFE2018
T16,Point (503200.14000000001396984 6172680.16999999992549419),5.71313E+17,23 07 2013,2000,80,38.5,78,Vestas Wind Systems A/S,V 80-2 MW VCS,530,Billund,LAND,Trøllund By Hejnsvig,1b,503200.14,6172680.17,SDFE2018
T17,Point (495371.5719999999855645 6084318.17300000041723251),5.71313E+17,30 12 2017,3600,126,61.5,87,Vestas Wind Systems A/S,V126-3.6 MW,550,Tønder,LAND,"Grøngård, Burkal",def6af1,495371.572,6084318.173,Stamdata
T18,Point (495762.26799999998183921 6084286.28399999998509884),5.71313E+17,2 02 2018,3600,126,61.5,87,Vestas Wind Systems A/S,V126-3.6 MW,550,Tønder,LAND,del2a82,sædubje,495762.268,6084286.284,Stamdata
T19,Point (496153.26799999998183921 6084255.28399999998509884),5.71313E+17,3 02 2018,3600,126,61.5,87,Vestas Wind Systems A/S,V126-3.6 MW,550,Tønder,LAND,Sæd Ubjerg,del3af6,496153.268,6084255.284,Stamdata
T20,Point (496544.26799999998183921 6084224.28399999998509884),5.71313E+17,5 02 2018,3600,126,61.5,87,Vestas Wind Systems A/S,V126-3.6 MW,550,Tønder,LAND,Sæd Ubjerg,def4af6,496544.268,6084224.284,Stamdata
T21,Point (496935.26799999998183921 6084193.28399999998509884),5.71313E+17,6 02 2018,3600,126,61.5,87,Vestas Wind Systems A/S,V126-3.6 MW,550,Tønder,LAND,Sæd Ubjerg,def5af5,496935.268,6084193.284,Stamdata
T22,Point (497326.26699999999254942 6084162.28399999998509884),5.71313E+17,6 02 2018,3600,126,61.5,87,Vestas Wind Systems A/S,V126-3.6 MW,550,Tønder,LAND,"Grøngård, Burkal",def6af1,497326.267,6084162.284,Stamdata
T23,Point (474626.77000000001862645 6144623.33999999985098839),5.70715E+17,1 03 1996,2000,80,38.5,60,Vestas Wind Systems A/S,V 80 2,561,Esbjerg,LAND,Tjæreborg By,2bn,474626.77,6144623.34,SDFE2018
T24,Point (474300.26000000000931323 6144747.58000000007450581),5.70715E+17,27 12 2001,2000,80,38.5,60,Vestas Wind Systems A/S,V 80 2,561,Esbjerg,LAND,Tjæreborg By,3ø,474300.26,6144747.58,SDFE2018
T25,Point (473485.34999999997671694 6145059.45000000018626451),5.70715E+17,12 06 2008,2000,80,38.5,60,Vestas Wind Systems A/S,V 80 2,561,Esbjerg,LAND,Vattenfall,3ab,473485.35,6145059.45,SDFE2018
T26,Point (469033 6145290),5.71313E+17,3 01 2016,8000,164,80.5,118,Vestas Wind Systems A/S,V164-8MW,561,Esbjerg,LAND,Esbjerg Jorde,5k,469033,6145290,SDFE2018
T27,Point (469542 6145189),5.71313E+17,18 12 2015,8000,164,80.5,118,Vestas Wind Systems A/S,V164-8MW,561,Esbjerg,LAND,Esbjerg Jorde,5k,469542,6145189,SDFE2018
T28,Point (474336.46000000002095476 6161551.00999999977648258),5.70715E+17,15 08 2016,3450,117,57,91,Vestas Wind Systems A/S,V117-3.45 MW,573,Varde,LAND,"Rousthøje By, Grimstrup",27b,474336.46,6161551.01,SDFE2018
T29,Point (474776.20000000001164153 6161405.9599999999627471),5.70715E+17,22 08 2016,3450,117,57,91,Vestas Wind Systems A/S,V117-3.45 MW,573,Varde,LAND,"Rousthøje By, Grimstrup",28g,474776.2,6161405.96,SDFE2018
T30,Point (475242.83000000001629815 6161337.65000000037252903),5.70715E+17,16 08 2016,3450,117,57,91,Vestas Wind Systems A/S,V117-3.45 MW,573,Varde,LAND,"Rousthøje By, Grimstrup",6t,475242.83,6161337.65,SDFE2018
T31,Point (475707.91999999998370185 6161321.66000000014901161),5.70715E+17,18 08 2016,3450,117,57,91,Vestas Wind Systems A/S,V117-3.45 MW,573,Varde,LAND,"Rousthøje By, Grimstrup",13k,475707.92,6161321.66,SDFE2018
T32,Point (476183.86999999999534339 6161357.03000000026077032),5.70715E+17,25 08 2016,3450,117,57,91,Vestas Wind Systems A/S,V117-3.45 MW,573,Varde,LAND,"Næsbjerg By, Næsbjerg",81,476183.87,6161357.03,SDFE2018
T33,Point (476660.17999999999301508 6161457.88999999966472387),5.70715E+17,30 08 2016,3450,117,57,91,Vestas Wind Systems A/S,V117-3.45 MW,573,Varde,LAND,"Næsbjerg By, Næsbjerg",5m,476660.18,6161457.89,SDFE2018
T34,Point (477117.28000000002793968 6161625.44000000040978193),5.70715E+17,30 08 2016,3450,117,57,91,Vestas Wind Systems A/S,V117-3.45 MW,573,Varde,LAND,"Næsbjerg By, Næsbjerg",5d,477117.28,6161625.44,SDFE2018
T35,Point (477533.10999999998603016 6161850.12999999988824129),5.70715E+17,1 09 2016,3450,117,57,91,Vestas Wind Systems A/S,V117-3.45 MW,573,Varde,LAND,"Næsbjerg By, Næsbjerg",1k,477533.11,6161850.13,SDFE2018
T36,Point (477935.15000000002328306 6162082.75),5.70715E+17,12 09 2016,3450,117,57,91,Vestas Wind Systems A/S,V117-3.45 MW,573,Varde,LAND,"Næsbjerg By, Næsbjerg",2u,477935.15,6162082.75,SDFE2018
T37,Point (478320.23999999999068677 6162360.66000000014901161),5.70715E+17,12 09 2016,3450,117,57,91,Vestas Wind Systems A/S,V117-3.45 MW,573,Varde,LAND,"Næsbjerg By, Næsbjerg",3m,478320.24,6162360.66,SDFE2018
T38,Point (504286.38000000000465661 6080646.71999999973922968),5.70715E+17,10 12 2010,3000,90,43.5,80,Vestas Wind Systems A/S,V 90-3 MW,580,Aabenraa,LAND,Rens Burkal,254,504286.38,6080646.72,SDFE2018
T39,Point (503915.29999999998835847 6080732.17999999970197678),5.70715E+17,20 12 2010,3000,90,43.5,80,Vestas Wind Systems A/S,V 90-3 MW,580,Aabenraa,LAND,Rens Burkal,682,503915.3,6080732.18,SDFE2018
T40,Point (503544.90999999997438863 6080817.87000000011175871),5.70715E+17,10 12 2010,3000,90,43.5,80,Vestas Wind Systems A/S,V 90-3 MW,580,Aabenraa,LAND,Rens Burkal,762,503544.91,6080817.87,SDFE2018
T41,Point (503173.11999999999534339 6080903.75999999977648258),5.70715E+17,10 12 2010,3000,90,43.5,80,Vestas Wind Systems A/S,V 90-3 MW,580,Aabenraa,LAND,Rens Burkal,171,503173.12,6080903.76,SDFE2018
T42,Point (502802.92999999999301508 6080989.33999999985098839),5.70715E+17,10 12 2010,3000,90,43.5,80,Vestas Wind Systems A/S,V 90-3 MW,580,Aabenraa,LAND,Rens Burkal,639,502802.93,6080989.34,SDFE2018
T43,Point (512424.01000000000931323 6079448.33000000007450581),5.70715E+17,14 12 2011,2000,80,38.5,60,Vestas Wind Systems A/S,V 80-2 MW,580,Aabenraa,LAND,Eggebæk Tinglev,180,512424.01,6079448.33,SDFE2018
T44,Point (512709.54999999998835847 6079341.66000000014901161),5.70715E+17,14 12 2011,2000,80,38.5,60,Vestas Wind Systems A/S,V 80-2 MW,580,Aabenraa,LAND,Eggebæk Tinglev,180,512709.55,6079341.66,Stamdata
T45,Point (512992.57000000000698492 6079234.25999999977648258),5.70715E+17,15 12 2011,2000,80,38.5,60,Vestas Wind Systems A/S,V 80-2 MW,580,Aabenraa,LAND,Eggebæk Tinglev,269,512992.57,6079234.26,Stamdata
T46,Point (513276.83000000001629815 6079127.05999999959021807),5.70715E+17,15 12 2011,2000,80,38.5,60,Vestas Wind Systems A/S,V 80-2 MW,580,Aabenraa,LAND,Eggebæk Tinglev,283,513276.83,6079127.06,Stamdata
T47,Point (513276.83000000001629815 6079127.05999999959021807),5.70715E+17,16 12 2011,2000,80,38.5,60,Vestas Wind Systems A/S,V 80-2 MW,580,Aabenraa,LAND,Eggebæk Tinglev,109,513276.83,6079127.06,Stamdata
T48,Point (513841.60999999998603016 6078913.20000000018626451),5.70715E+17,16 12 2011,2000,80,38.5,60,Vestas Wind Systems A/S,V 80-2 MW,580,Aabenraa,LAND,Eggebæk Tinglev,174,513841.61,6078913.2,SDFE2018
T49,Point (514122.02000000001862645 6078802.05999999959021807),5.70715E+17,17 12 2011,2000,80,38.5,60,Vestas Wind Systems A/S,V 80-2 MW,580,Aabenraa,LAND,Eggebæk Tinglev,176,514122.02,6078802.06,Stamdata
T50,Point (514408.59999999997671694 6078690.29999999981373549),5.70715E+17,16 12 2011,2000,80,38.5,60,Vestas Wind Systems A/S,V 80-2 MW,580,Aabenraa,LAND,Eggebæk Tinglev,31,514408.6,6078690.3,Stamdata
T51,Point (486697.28000000002793968 6229212.12999999988824129),5.70715E+17,28 11 2012,3075,112,54.5,94,Vestas Wind Systems A/S,V112-3.0MW,657,Herning,LAND,"Helleskov, Vildbjerg",17b,486697.28,6229212.13,SDFE2018
T52,Point (486841.54999999998835847 6229526.41999999992549419),5.70715E+17,4 12 2012,3075,112,54.5,94,Vestas Wind Systems A/S,V112-3.0MW,657,Herning,LAND,"Helleskov, Vildbjerg",21b,486841.55,6229526.42,SDFE2018
T53,Point (486986.05999999999767169 6229841.05999999959021807),5.70715E+17,7 12 2012,3075,112,54.5,94,Vestas Wind Systems A/S,V112-3.0MW,657,Herning,LAND,"Helleskov, Vildbjerg",16b,486986.06,6229841.06,SDFE2018
T54,Point (486844.90999999997438863 6206735.5),5.70715E+17,8 05 2013,3000,90,43.5,80,Vestas Wind Systems A/S,V 90-3 MW,657,Herning,LAND,"Kibæk By, Assing",70bc,486844.91,6206735.5,SDFE2018
T55,Point (486615.69000000000232831 6206871.66000000014901161),5.70715E+17,10 05 2013,3000,90,43.5,80,Vestas Wind Systems A/S,V 90-3 MW,657,Herning,LAND,"Kibæk By, Assing",10az,486615.69,6206871.66,SDFE2018
T56,Point (486386.80999999999767169 6207007.66000000014901161),5.70715E+17,14 05 2013,3000,90,43.5,80,Vestas Wind Systems A/S,V 90-3 MW,657,Herning,LAND,"Kibæk By, Assing",10aæ,486386.81,6207007.66,SDFE2018
T57,Point (483954 6236727),5.71313E+17,23 02 2021,3600,126,61.5,77,Vestas Wind Systems A/S,V126-3.6 MW,657,Herning,LAND,"Lergrav Hdg., Aulum",3i,483954,6236727,Stamdata
T58,Point (483791 6237004),5.71313E+17,24 02 2021,3600,126,61.5,77,Vestas Wind Systems A/S,V126-3.6 MW,657,Herning,LAND,"Horslund, Vinding",1n,483791,6237004,Stamdata
T59,Point (483627 6237282),5.71313E+17,22 02 2021,3600,126,61.5,77,Vestas Wind Systems A/S,V126-3.6 MW,657,Herning,LAND,"Horslund, Vinding",1o,483627,6237282,Stamdata
T60,Point (477245 6221677),5.71313E+17,24 09 2013,3075,112,54.5,94,Vestas Wind Systems A/S,V112-3.0MW,657,Herning,LAND,Heden Timring,1ks,477245,6221677,SDFE2018
T61,Point (477044.02000000001862645 6221981.92999999970197678),5.71313E+17,24 09 2013,3075,112,54.5,94,Vestas Wind Systems A/S,V112-3.0MW,657,Herning,LAND,Heden Timring,1kl,477044.02,6221981.93,SDFE2018
T62,Point (476841.5 6222287.71999999973922968),5.71313E+17,24 09 2013,3075,112,54.5,94,Vestas Wind Systems A/S,V112-3.0MW,657,Herning,LAND,Heden Timring,3bk,476841.5,6222287.72,SDFE2018
T63,Point (476640.10999999998603016 6222592.0400000000372529),5.71313E+17,24 09 2013,3075,112,54.5,94,Vestas Wind Systems A/S,V112-3.0MW,657,Herning,LAND,Heden Timring,3bl,476640.11,6222592.04,SDFE2018
T64,Point (498170.53000000002793968 6230340.13999999966472387),5.71313E+17,11 12 2013,2000,80,38.5,67,Vestas Wind Systems A/S,V 80-2 MW VCS,657,Herning,LAND,"Krusbjerg, Sunds",6g,498170.53,6230340.14,SDFE2018
T65,Point (497904.73999999999068677 6230576.91000000014901161),5.71313E+17,16 12 2013,2000,80,38.5,67,Vestas Wind Systems A/S,V 80-2 MW VCS,657,Herning,LAND,"Krusbjerg, Sunds",6g,497904.74,6230576.91,SDFE2018
T66,Point (497642.79999999998835847 6230815.23000000044703484),5.71313E+17,16 12 2013,2000,80,38.5,67,Vestas Wind Systems A/S,V 80-2 MW VCS,657,Herning,LAND,"Krusbjerg, Sunds",4r,497642.8,6230815.23,SDFE2018
T67,Point (497376.76000000000931323 6231051.28000000026077032),5.71313E+17,16 12 2013,2000,80,38.5,67,Vestas Wind Systems A/S,V 80-2 MW VCS,657,Herning,LAND,"Krusbjerg, Sunds",4r,497376.76,6231051.28,SDFE2018
T68,Point (497114.03000000002793968 6231288.26999999955296516),5.71313E+17,16 12 2013,2000,80,38.5,67,Vestas Wind Systems A/S,V 80-2 MW VCS,657,Herning,LAND,"Krusbjerg, Sunds",10x,497114.03,6231288.27,SDFE2018
T69,Point (491013 6195762),5.71313E+17,22 12 2017,3600,117,57,91.5,Vestas Wind Systems A/S,V117-3.6 MW,657,Herning,LAND,"Sønderlandet, Sdr. Felding",4b,491013,6195762,SDFE2018
T70,Point (491313 6195555),5.71313E+17,14 12 2017,3600,117,57,91.5,Vestas Wind Systems A/S,V117-3.6 MW,657,Herning,LAND,"Sønderlandet, Sdr. Felding",41m,491313,6195555,SDFE2018
T71,Point (491614 6195348),5.71313E+17,14 12 2017,3600,117,57,91.5,Vestas Wind Systems A/S,V117-3.6 MW,657,Herning,LAND,"Sønderlandet, Sdr. Felding",43a,491614,6195348,SDFE2018
T72,Point (491915 6195140),5.71313E+17,28 12 2017,3600,117,57,91.5,Vestas Wind Systems A/S,V117-3.6 MW,657,Herning,LAND,"Sønderlandt, Sdr. Felding",43b,491915,6195140,SDFE2018
T73,Point (492215 6194933),5.71313E+17,22 12 2017,3600,117,57,91.5,Vestas Wind Systems A/S,V117-3.6 MW,657,Herning,LAND,"Sønderlandet, Sdr. Felding",43b,492215,6194933,SDFE2018
T74,Point (485318 6229254),5.71313E+17,28 12 2016,2000,80,38.5,60,Vestas Wind Systems A/S,V 80-2 MW VCS,657,Herning,LAND,"Ejsingkær, Vildbjerg",1de,485318,6229254,SDFE2018
T75,Point (485490.59999999997671694 6242085.57000000029802322),5.71313E+17,27 06 2014,3300,117,57,91.5,Vestas Wind Systems A/S,V117-3.3 MW,661,Holstebro,LAND,"Brejnholt Gde, Tvis",1a,485490.6,6242085.57,SDFE2018
T76,Point (485656.90000000002328306 6241805.92999999970197678),5.71313E+17,25 06 2014,3300,117,57,91.5,Vestas Wind Systems A/S,V117-3.3 MW,661,Holstebro,LAND,"Gedbo, Tvis",1a,485656.9,6241805.93,SDFE2018
T77,Point (485820.36999999999534339 6241527.08999999985098839),5.71313E+17,23 06 2014,3300,117,57,91.5,Vestas Wind Systems A/S,V117-3.3 MW,661,Holstebro,LAND,"Gedbo, Tvis",1a,485820.37,6241527.09,SDFE2018
T78,Point (485987.01000000000931323 6241247.99000000022351742),5.71313E+17,20 06 2014,3300,117,57,91.5,Vestas Wind Systems A/S,V117-3.3 MW,661,Holstebro,LAND,"Gedbo, Tvis",1a,485987.01,6241247.99,SDFE2018
T79,Point (460175.21000000002095476 6247273.40000000037252903),5.71313E+17,18 12 2015,3450,112,54.5,84,Vestas Wind Systems A/S,V112-3.3MW,661,Holstebro,LAND,"Vemb By, Vemb",14æ,460175.21,6247273.4,SDFE2018
T80,Point (460161.21999999997206032 6247580.61000000033527613),5.71313E+17,18 12 2015,3450,112,54.5,84,Vestas Wind Systems A/S,V112-3.3MW,661,Holstebro,LAND,"Vemb By, Vemb",14ø,460161.22,6247580.61,SDFE2018
T81,Point (460146.05999999999767169 6247914.34999999962747097),5.71313E+17,18 12 2015,3450,112,54.5,84,Vestas Wind Systems A/S,V112-3.3MW,661,Holstebro,LAND,"Vemb By, Vemb",14aa,460146.06,6247914.35,SDFE2018
T82,Point (460625.22999999998137355 6247356.29999999981373549),5.71313E+17,24 12 2015,3450,112,54.5,84,Vestas Wind Systems A/S,V112-3.3MW,661,Holstebro,LAND,"Vemb By, Vemb",22t,460625.23,6247356.3,SDFE2018
T83,Point (460610.20000000001164153 6247664.28000000026077032),5.71313E+17,18 12 2015,3450,112,54.5,84,Vestas Wind Systems A/S,V112-3.3MW,661,Holstebro,LAND,"Vemb By, Vemb",22u,460610.2,6247664.28,SDFE2018
T84,Point (460594.67999999999301508 6247991.16999999992549419),5.71313E+17,17 12 2015,3450,112,54.5,84,Vestas Wind Systems A/S,V112-3.3MW,661,Holstebro,LAND,"Vemb By, Vemb",22v,460594.68,6247991.17,SDFE2018
T85,Point (461190.95000000001164153 6247460.17999999970197678),5.71313E+17,23 12 2015,3450,112,54.5,84,Vestas Wind Systems A/S,V112-3.3MW,661,Holstebro,LAND,"Vemb By, Vemb",18l,461190.95,6247460.18,SDFE2018
T86,Point (461174.86999999999534339 6247769.33000000007450581),5.71313E+17,28 12 2015,3450,112,54.5,84,Vestas Wind Systems A/S,V112-3.3MW,661,Holstebro,LAND,"Vemb By, Vemb",18m,461174.87,6247769.33,SDFE2018
T87,Point (461157.90999999997438863 6248087.84999999962747097),5.71313E+17,22 12 2015,3450,112,54.5,84,Vestas Wind Systems A/S,V112-3.3MW,661,Holstebro,LAND,"Vemb By, Vemb",18n,461157.91,6248087.85,SDFE2018
T88,Point (461710.61999999999534339 6247555.75),5.71313E+17,23 12 2015,3450,112,54.5,84,Vestas Wind Systems A/S,V112-3.3MW,661,Holstebro,LAND,"Bur By, Bur",14n,461710.62,6247555.75,SDFE2018
T89,Point (461695.48999999999068677 6247865.94000000040978193),5.71313E+17,22 12 2015,3450,112,54.5,84,Vestas Wind Systems A/S,V112-3.3MW,661,Holstebro,LAND,"Bur By, Bur",14o,461695.49,6247865.94,SDFE2018
T90,Point (461679.14000000001396984 6248177),5.71313E+17,21 12 2015,3450,112,54.5,84,Vestas Wind Systems A/S,V112-3.3MW,661,Holstebro,LAND,"Bur By, Bur",14p,461679.14,6248177,SDFE2018
T91,Point (490182.15999999997438863 6244370.53000000026077032),5.71313E+17,16 11 2016,2200,100,48.5,72,Vestas Wind Systems A/S,V100-2.0,661,Holstebro,LAND,"Hessel, Borbjerg",1dc,490182.16,6244370.53,SDFE2018
T92,Point (490105.73999999999068677 6244683.70000000018626451),5.71313E+17,24 11 2016,2200,100,48.5,72,Vestas Wind Systems A/S,V100-2.0,661,Holstebro,LAND,"Hessel, Borbjerg",1dd,490105.74,6244683.7,SDFE2018
T93,Point (490029.53000000002793968 6244994.54999999981373549),5.71313E+17,23 11 2016,2200,100,48.5,72,Vestas Wind Systems A/S,V100-2.0,661,Holstebro,LAND,"Hessel, Borbjerg",1de,490029.53,6244994.55,SDFE2018
T94,Point (489952.73999999999068677 6245308.58999999985098839),5.71313E+17,5 12 2016,2200,100,48.5,72,Vestas Wind Systems A/S,V100-2.0,661,Holstebro,LAND,"Hessel, Borbjerg",1df,489952.74,6245308.59,SDFE2018
T95,Point (489873.91999999998370185 6245631.80999999959021807),5.71313E+17,13 12 2016,2200,100,48.5,72,Vestas Wind Systems A/S,V100-2.0,661,Holstebro,LAND,"Hessel, Borbjerg",1dg,489873.92,6245631.81,SDFE2018
T96,Point (489793.90000000002328306 6245960.25999999977648258),5.71313E+17,21 12 2016,2200,100,48.5,72,Vestas Wind Systems A/S,V100-2.0,661,Holstebro,LAND,"Hessel, Borbjerg",1dh,489793.9,6245960.26,SDFE2018
T97,Point (489713.47999999998137355 6246288.58000000007450581),5.71313E+17,19 12 2016,2200,100,48.5,72,Vestas Wind Systems A/S,V100-2.0,661,Holstebro,LAND,"Hessel, Borbjerg",1di,489713.48,6246288.58,SDFE2018
T98,Point (490702.29999999998835847 6244292.94000000040978193),5.71313E+17,19 11 2016,2200,100,48.5,72,Vestas Wind Systems A/S,V100-2.0,661,Holstebro,LAND,"Hessel, Borbjerg",1dk,490702.3,6244292.94,SDFE2018
T99,Point (490625.03000000002793968 6244606.08999999985098839),5.71313E+17,24 11 2016,2200,100,48.5,72,Vestas Wind Systems A/S,V100-2.0,661,Holstebro,LAND,"Hessel, Borbjerg",1dl,490625.03,6244606.09,SDFE2018
T100,Point (490549.23999999999068677 6244917.19000000040978193),5.71313E+17,21 11 2016,2200,100,48.5,72,Vestas Wind Systems A/S,V100-2.0,661,Holstebro,LAND,"Hessel, Borbjerg",1dm,490549.24,6244917.19,SDFE2018
T101,Point (490472.42999999999301508 6245230.76999999955296516),5.71313E+17,21 12 2016,2200,100,48.5,72,Vestas Wind Systems A/S,V100-2.0,661,Holstebro,LAND,"Hessel, Borbjerg",1dn,490472.43,6245230.77,SDFE2018
T102,Point (490393.96000000002095476 6245554.54999999981373549),5.71313E+17,6 12 2016,2200,100,48.5,72,Vestas Wind Systems A/S,V100-2.0,661,Holstebro,LAND,"Hessel, Borbjerg",1do,490393.96,6245554.55,SDFE2018
T103,Point (490313.09000000002561137 6245882.63999999966472387),5.71313E+17,6 12 2016,2200,100,48.5,72,Vestas Wind Systems A/S,V100-2.0,661,Holstebro,LAND,"Hessel, Borbjerg",1dp,490313.09,6245882.64,SDFE2018
T104,Point (490233.01000000000931323 6246211),5.71313E+17,6 12 2016,2200,100,48.5,72,Vestas Wind Systems A/S,V100-2.0,661,Holstebro,LAND,"Hessel, Borbjerg",1dq,490233.01,6246211,SDFE2018
T105,Point (491221.5 6244215.26999999955296516),5.71313E+17,29 11 2016,2200,100,48.5,72,Vestas Wind Systems A/S,V100-2.0,661,Holstebro,LAND,"Den Østlige Del, Borbjerg",44q,491221.5,6244215.27,SDFE2018
T106,Point (491144.57000000000698492 6244528.03000000026077032),5.71313E+17,29 11 2016,2200,100,48.5,72,Vestas Wind Systems A/S,V100-2.0,661,Holstebro,LAND,"Den Østlige Del, Borbjerg",44h,491144.57,6244528.03,SDFE2018
T107,Point (491069 6244839.26999999955296516),5.71313E+17,29 11 2016,2200,100,48.5,72,Vestas Wind Systems A/S,V100-2.0,661,Holstebro,LAND,"Den Østlige Del, Borbjerg",44i,491069,6244839.27,SDFE2018
T108,Point (490991.97999999998137355 6245153.11000000033527613),5.71313E+17,3 12 2016,2200,100,48.5,72,Vestas Wind Systems A/S,V100-2.0,661,Holstebro,LAND,"Den Østlige Del, Borbjerg",44k,490991.98,6245153.11,SDFE2018
T109,Point (490913.19000000000232831 6245476.96999999973922968),5.71313E+17,12 11 2016,2200,100,48.5,72,Vestas Wind Systems A/S,V100-2.0,661,Holstebro,LAND,"Den Østlige Del, Borbjerg",14æ,490913.19,6245476.97,SDFE2018
T110,Point (490833.28999999997904524 6245805.00999999977648258),5.71313E+17,26 11 2016,2200,100,48.5,72,Vestas Wind Systems A/S,V100-2.0,661,Holstebro,LAND,"Den Østlige Del, Borbjerg",14ø,490833.29,6245805.01,SDFE2018
T111,Point (490752.42999999999301508 6246133.74000000022351742),5.71313E+17,9 11 2016,2200,100,48.5,72,Vestas Wind Systems A/S,V100-2.0,661,Holstebro,LAND,"Den Østlige Del, Borbjerg",56,490752.43,6246133.74,SDFE2018
T112,Point (467317 6248184),5.71313E+17,27 12 2017,2200,100,48.5,75,Vestas Wind Systems A/S,V100-2.2 MW,661,Holstebro,LAND,"Bur By, Bur",1d,467317,6248184,SDFE2018
T113,Point (467253 6247953),5.71313E+17,27 12 2017,2200,100,48.5,75,Vestas Wind Systems A/S,V100-2.2 MW,661,Holstebro,LAND,"Bur By, Bur",1d,467253,6247953,SDFE2018
T114,Point (467189.76000000000931323 6247720.9599999999627471),5.71313E+17,5 01 2018,2200,100,48.5,75,Vestas Wind Systems A/S,V100-2.2 MW,661,Holstebro,LAND,"Bur By, Bur",1d,467189.76,6247720.96,SDFE2018
T115,Point (467670 6248209),5.71313E+17,29 12 2017,2200,100,48.5,75,Vestas Wind Systems A/S,V100-2.2 MW,661,Holstebro,LAND,"Bur By, Bur",1d,467670,6248209,SDFE2018
T116,Point (467607 6247977),5.71313E+17,29 12 2017,2200,100,48.5,75,Vestas Wind Systems A/S,V100-2.2 MW,661,Holstebro,LAND,"Bur by, Bur",1d,467607,6247977,SDFE2018
T117,Point (467543.82000000000698492 6247744.23000000044703484),5.71313E+17,24 01 2018,2200,100,48.5,75,Vestas Wind Systems A/S,V100-2.2 MW,661,Holstebro,LAND,"Bur by, Bur",1d,467543.82,6247744.23,SDFE2018
T118,Point (490764.65000000002328306 6252286.80999999959021807),5.71313E+17,26 09 2017,3600,117,57,91.5,Vestas Wind Systems A/S,V117-3.6 MW,661,Holstebro,LAND,"Sønderhede, Sevel",60p,490764.65,6252286.81,SDFE2018
T119,Point (491001.36999999999534339 6252012.15000000037252903),5.71313E+17,29 09 2017,3600,117,57,91.5,Vestas Wind Systems A/S,V117-3.6 MW,661,Holstebro,LAND,"Stendis By, Ryde",60o,491001.37,6252012.15,SDFE2018
T120,Point (491235.53999999997904524 6251739.5400000000372529),5.71313E+17,26 09 2017,3600,117,57,91.5,Vestas Wind Systems A/S,V117-3.6 MW,661,Holstebro,LAND,"Sønderhede, Sevel",59h,491235.54,6251739.54,SDFE2018
T121,Point (466747 6242046),5.71313E+17,10 02 2018,3450,112,54.5,84,Vestas Wind Systems A/S,V112-3.3MW,661,Holstebro,LAND,"Den Vestlige Del, Idom",10g,466747,6242046,SDFE2018
T122,Point (466506 6241794),5.71313E+17,15 02 2018,3450,112,54.5,84,Vestas Wind Systems A/S,V112-3.0MW,661,Holstebro,LAND,"Stenum Hgd., Råsted",36,466506,6241794,SDFE2018
T123,Point (466652 6241525),5.71313E+17,10 02 2018,3450,112,54.5,84,Vestas Wind Systems A/S,V112-3.3MW,661,Holstebro,LAND,"Stenum Hgd., Råsted",7g,466652,6241525,SDFE2018
T124,Point (466893 6241777),5.71313E+17,10 02 2018,3450,112,54.5,84,Vestas Wind Systems A/S,V112-3.3MW,661,Holstebro,LAND,"Stenum Hgd., Råsted",7g,466893,6241777,SDFE2018
T125,Point (483464 6237559),5.71313E+17,19 02 2021,3600,126,61.5,77,Vestas Wind Systems A/S,V126-3.6 MW,661,Holstebro,LAND,"Solds, Tvis",3,483464,6237559,Stamdata
T126,Point (483300.70000000001164153 6237837),5.71313E+17,16 02 2021,3600,126,61.5,77,Vestas Wind Systems A/S,V126-3.6 MW,661,Holstebro,LAND,"Solds, Tvis",1f,483300.7,6237837,Stamdata
T127,Point (483137 6238114),5.71313E+17,18 02 2021,3600,126,61.5,77,Vestas Wind Systems A/S,V126-3.6 MW,661,Holstebro,LAND,"Solds, Tvis",1u,483137,6238114,Stamdata
T128,Point (482974 6238392),5.71313E+17,15 02 2021,3600,126,61.5,77,Vestas Wind Systems A/S,V126-3.6 MW,661,Holstebro,LAND,"Solds, Tvis",2d,482974,6238392,Stamdata
T129,Point (450130.41999999998370185 6262881.91999999992549419),5.70715E+17,20 11 2009,2000,80,38.5,60,Vestas Wind Systems A/S,V 80 2,665,Lemvig,LAND,"Ramme Hgd., ramme",11d,450130.42,6262881.92,SDFE2018
T130,Point (451034.88000000000465661 6261893.34999999962747097),5.70715E+17,29 12 2011,2000,80,38.5,60,Vestas Wind Systems A/S,V 80-2 MW,665,Lemvig,LAND,Ramme Hgd. Ramme,14p,451034.88,6261893.35,SDFE2018
T131,Point (450863.72999999998137355 6262081.15000000037252903),5.70715E+17,28 12 2011,2000,80,38.5,60,Vestas Wind Systems A/S,V 80-2 MW,665,Lemvig,LAND,Ramme Hgd. Ramme,14q,450863.73,6262081.15,SDFE2018
T132,Point (450682.53000000002793968 6262278.96999999973922968),5.70715E+17,26 12 2011,2000,80,38.5,60,Vestas Wind Systems A/S,V 80-2 MW,665,Lemvig,LAND,Ramme Hgd. Ramme,15b,450682.53,6262278.97,SDFE2018
T133,Point (450501.59999999997671694 6262476.4599999999627471),5.70715E+17,29 12 2011,2000,80,38.5,60,Vestas Wind Systems A/S,V 80-2 MW,665,Lemvig,LAND,Ramme Hovedgård. Ramme,15c,450501.6,6262476.46,SDFE2018
T134,Point (457841 6247542),5.71313E+17,10 12 2013,3300,117,57,91.5,Vestas Wind Systems A/S,V112-3.3MW,665,Lemvig,LAND,"Møborg Ejerlav, Møborg",10s,457841,6247542,SDFE2018
T135,Point (449765 6250567),5.71313E+17,1 09 2016,2000,80,38.5,80,Vestas Wind Systems A/S,V 80-2 MW VCS,665,Lemvig,LAND,"Nees By, Nees",18y,449765,6250567,SDFE2018
T136,Point (449743 6250789),5.71313E+17,1 09 2016,2000,80,38.5,80,Vestas Wind Systems A/S,V 80-2 MW VCS,665,Lemvig,LAND,"Nees By, Nees",18y,449743,6250789,SDFE2018
T137,Point (449721 6251012),5.71313E+17,1 09 2016,2000,80,38.5,80,Vestas Wind Systems A/S,V 80-2 MW VCS,665,Lemvig,LAND,"Nees By, Nees",16p,449721,6251012,SDFE2018
T138,Point (459323 6254980),5.71313E+17,15 02 2018,3600,126,61.5,87,Vestas Wind Systems A/S,V126-3.45,665,Lemvig,LAND,"Bækmark Hgd., Flynder",25a,459323,6254980,SDFE2018
T139,Point (459422 6255316),5.71313E+17,2 02 2018,3600,126,61.5,87,Vestas Wind Systems A/S,V126-3.45,665,Lemvig,LAND,"Bækmark Hgd., Flynder",28a,459422,6255316,SDFE2018
T140,Point (459512.79999999998835847 6255623),5.71313E+17,9 02 2018,3600,126,61.5,87,Vestas Wind Systems A/S,V126-3.45,665,Lemvig,LAND,"Bækmark Hgd., Flynder",28a,459512.8,6255623,SDFE2018
T141,Point (459628.79999999998835847 6256016),5.71313E+17,31 01 2018,3600,126,61.5,87,Vestas Wind Systems A/S,V126-3.45,665,Lemvig,LAND,"Bækmark Hgd., Flynder",30d,459628.8,6256016,SDFE2018
T142,Point (459720 6256325),5.71313E+17,7 02 2018,3600,126,61.5,87,Vestas Wind Systems A/S,V126-3.45,665,Lemvig,LAND,"Bækmark Hgd., Flynder",32r,459720,6256325,SDFE2018
T143,Point (475793.19000000000232831 6253994.33000000007450581),5.71313E+17,7 09 2012,3075,112,54.5,84,Vestas Wind Systems A/S,V112-3.0MW,671,Struer,LAND,"Ausumgård Hgd., Vejrum",1a,475793.19,6253994.33,SDFE2018
T144,Point (475809.90000000002328306 6253631.50999999977648258),5.71313E+17,11 09 2012,3075,112,54.5,84,Vestas Wind Systems A/S,V112-3.0MW,671,Struer,LAND,"Ausumgård Hgd., Vejrum",1e,475809.9,6253631.51,SDFE2018
T145,Point (475826.15000000002328306 6253271.0400000000372529),5.71313E+17,11 09 2012,3075,112,54.5,84,Vestas Wind Systems A/S,V112-3.0MW,671,Struer,LAND,"Ausumgård Hgd., Vejrum",1e,475826.15,6253271.04,SDFE2018
T146,Point (475842.38000000000465661 6252909.04999999981373549),5.71313E+17,5 09 2012,3075,112,54.5,84,Vestas Wind Systems A/S,V112-3.0MW,671,Struer,LAND,"Ausumgård Hgd., Vejrum",2c,475842.38,6252909.05,SDFE2018
T147,Point (563818 6196778),5.71313E+17,15 02 2018,2200,100,48.5,75,Vestas Wind Systems A/S,V100-2.2 MW,727,Odder,LAND,"Trustrup By, Trustrup",2e,563818,6196778,SDFE2018
T148,Point (563565 6196725),5.71313E+17,12 02 2018,2200,100,48.5,75,Vestas Wind Systems A/S,V100-2.2 MW,727,Odder,LAND,"Trustrup By, Trustrup",2e,563565,6196725,SDFE2018
T149,Point (570818.07999999995809048 6270040.69000000040978193),5.70715E+17,10 04 2014,2000,90,43.5,106.5,Vestas Wind Systems A/S,V 90 2,730,Randers,LAND,Ilshøj byØ. Tørslev,4z,570818.08,6270040.69,SDFE2018
T150,Point (570980.93999999994412065 6269813.41999999992549419),5.70715E+17,10 04 2014,2000,90,43.5,106.5,Vestas Wind Systems A/S,V 90 2,730,Randers,LAND,Ilshøj byØ. Tørslev,2p,570980.94,6269813.42,SDFE2018
T151,Point (571145.42000000004190952 6269586.53000000026077032),5.70715E+17,9 04 2014,2000,90,43.5,106.5,Vestas Wind Systems A/S,V 90 2,730,Randers,LAND,Ilshøj byØ. Tørslev,2q,571145.42,6269586.53,SDFE2018
T152,Point (571308 6269357.83999999985098839),5.70715E+17,9 04 2014,2000,90,43.5,106.5,Vestas Wind Systems A/S,V 90 2,730,Randers,LAND,Ilshøj byØ. Tørslev,5f,571308,6269357.84,SDFE2018
T153,Point (571473.10999999998603016 6269131.70000000018626451),5.70715E+17,8 04 2014,2000,90,43.5,106.5,Vestas Wind Systems A/S,V 90 2,730,Randers,LAND,Ilshøj byØ. Tørslev,1h,571473.11,6269131.7,SDFE2018
T154,Point (571637.13000000000465661 6268902.67999999970197678),5.70715E+17,8 04 2014,2000,90,43.5,106.5,Vestas Wind Systems A/S,V 90 2,730,Randers,LAND,Ilshøj byØ. Tørslev,1h,571637.13,6268902.68,SDFE2018
T155,Point (571801.32999999995809048 6268675.29999999981373549),5.70715E+17,7 04 2014,2000,90,43.5,106.5,Vestas Wind Systems A/S,V 90 2,730,Randers,LAND,Ilshøj byØ. Tørslev,1h,571801.33,6268675.3,SDFE2018
T156,Point (577631.5 6282402.40000000037252903),5.71313E+17,28 10 2020,3600,126,61.5,87,Vestas Wind Systems A/S,V126-3.6 MW,730,Randers,LAND,"Overgård Hgd., Udbyneder",1a,577631.5,6282402.4,Stamdata
T157,Point (577109 6282352),5.71313E+17,4 11 2020,3600,126,61.5,87,Vestas Wind Systems A/S,V126-3.6 MW,730,Randers,LAND,"Overgård Hgd., Udbyneder",1a,577109,6282352,Stamdata
T158,Point (578153.90000000002328306 6282452.79999999981373549),5.71313E+17,28 10 2020,3600,126,61.5,87,Vestas Wind Systems A/S,V126-3.6 MW,730,Randers,LAND,"Overgård Hgd., Udbyneder",1a,578153.9,6282452.8,Stamdata
T159,Point (578676.30000000004656613 6282503.09999999962747097),5.71313E+17,27 10 2020,3600,126,61.5,87,Vestas Wind Systems A/S,V126-3.6 MW,730,Randers,LAND,"Overgård Hgd., Udbyneder",1d,578676.3,6282503.1,Stamdata
T160,Point (577355.40000000002328306 6281888.59999999962747097),5.71313E+17,28 10 2020,3600,126,61.5,87,Vestas Wind Systems A/S,V126-3.6 MW,730,Randers,LAND,"Overgård Hgd., Udbyneder",1d,577355.4,6281888.6,Stamdata
T161,Point (577877.80000000004656613 6281939),5.71313E+17,29 10 2020,3600,126,61.5,87,Vestas Wind Systems A/S,V126-3.6 MW,730,Randers,LAND,"Overgård Hgd., Udbyneder",10b,577877.8,6281939,Stamdata
T162,Point (578400.30000000004656613 6281989.40000000037252903),5.71313E+17,29 10 2020,3600,126,61.5,87,Vestas Wind Systems A/S,V126-3.6 MW,730,Randers,LAND,"Overgård Hgd., Udbyneder",17æ,578400.3,6281989.4,Stamdata
T163,Point (578922.69999999995343387 6282039.70000000018626451),5.71313E+17,31 10 2020,3600,126,61.5,87,Vestas Wind Systems A/S,V126-3.6 MW,730,Randers,LAND,"Overgård Hgd., Udbyneder",7u,578922.7,6282039.7,Stamdata
T164,Point (581002.40000000002328306 6282240.29999999981373549),5.71313E+17,30 10 2020,3600,126,61.5,87,Vestas Wind Systems A/S,V126-3.6 MW,730,Randers,LAND,"Overgård Hgd., Udbyneder",1e,581002.4,6282240.3,Stamdata
T165,Point (577601.80000000004656613 6281425.20000000018626451),5.71313E+17,29 10 2020,3600,126,61.5,87,Vestas Wind Systems A/S,V126-3.6 MW,730,Randers,LAND,"Overgård Hgd., Udbyneder",11d,577601.8,6281425.2,Stamdata
T166,Point (578124.19999999995343387 6281475.59999999962747097),5.71313E+17,4 11 2020,3600,126,61.5,87,Vestas Wind Systems A/S,V126-3.6 MW,730,Randers,LAND,"Overgård Hgd., Udbyneder",10b,578124.2,6281475.6,Stamdata
T167,Point (578646 6281526),5.71313E+17,30 10 2020,3600,126,61.5,87,Vestas Wind Systems A/S,V126-3.6 MW,730,Randers,LAND,"Overgård Hgd., Udbyneder",10b,578646,6281526,Stamdata
T168,Point (579169.09999999997671694 6281576.29999999981373549),5.71313E+17,3 11 2020,3600,126,61.5,87,Vestas Wind Systems A/S,V126-3.6 MW,730,Randers,LAND,"Overgård Hgd., Udbyneder",8f,579169.1,6281576.3,Stamdata
T169,Point (581238.80000000004656613 6281775.90000000037252903),5.71313E+17,30 10 2020,3600,126,61.5,87,Vestas Wind Systems A/S,V126-3.6 MW,730,Randers,LAND,"Overgård Hgd., Udbyneder",9d,581238.8,6281775.9,Stamdata
T170,Point (581475.30000000004656613 6281311.5),5.71313E+17,2 11 2020,3600,126,61.5,87,Vestas Wind Systems A/S,V126-3.6 MW,730,Randers,LAND,"Overgård Hgd., Udbyneder",50,581475.3,6281311.5,Stamdata
T171,Point (581711.69999999995343387 6280847.09999999962747097),5.71313E+17,31 10 2020,3600,126,61.5,87,Vestas Wind Systems A/S,V126-3.6 MW,730,Randers,LAND,"Overgård Hgd., Udbyneder",50,581711.7,6280847.1,Stamdata
T172,Point (579445.09999999997671694 6282090),5.71313E+17,25 11 2021,3600,126,61.5,87,Vestas Wind Systems A/S,V126-3.6 MW,730,Randers,LAND,"Udbyneder By, Udbyneder",7b,579445.1,6282090,Stamdata
T173,Point (579197.625 6282559.51599999982863665),5.71313E+17,26 01 2022,3600,126,61.5,87,Vestas Wind Systems A/S,V126-3.45,730,Randers,LAND,"Overgård Hgd., Udbyneder",1a,579197.625,6282559.516,Stamdata
T174,Point (579721.80000000004656613 6282607.70000000018626451),5.71313E+17,26 01 2022,3600,126,61.5,87,Vestas Wind Systems A/S,V126-3.45,730,Randers,LAND,"Overgård Hgd., Udbyneder",1a,579721.8,6282607.7,Stamdata
T175,Point (580261.40000000002328306 6282654.90000000037252903),5.71313E+17,26 01 2022,3600,126,61.5,87,Vestas Wind Systems A/S,V126-3.45,730,Randers,LAND,"Overgård Hgd., Udbyneder",1a,580261.4,6282654.9,Stamdata
T176,Point (580214 6281677),5.71313E+17,10 11 2021,3600,126,61.5,87,Vestas Wind Systems A/S,V126-3.6 MW,730,Randers,LAND,"Udbyneder By, Udbyneder",22ø,580214,6281677,Stamdata
T177,Point (579967 6282140),5.71313E+17,12 11 2021,3600,126,61.5,87,Vestas Wind Systems A/S,V126-3.6 MW,730,Randers,LAND,"Overgård Hgd., Udbyneder",1a,579967,6282140,Stamdata
T178,Point (580489 6282191),5.71313E+17,16 11 2021,3600,126,61.5,87,Vestas Wind Systems A/S,V126-3.6 MW,730,Randers,LAND,"Overgård Hgd., Udbyneder",1e,580489,6282191,Stamdata
T179,Point (580736 6281727),5.71313E+17,10 11 2021,3600,126,61.5,87,Vestas Wind Systems A/S,V126-3.6 MW,730,Randers,LAND,"Udbyneder By, Udbyneder",22ø,580736,6281727,Stamdata
T180,Point (580769.19999999995343387 6282709.09999999962747097),5.71313E+17,26 01 2022,3600,126,61.5,87,Vestas Wind Systems A/S,V126-3.45,730,Randers,LAND,"Overgård Hgd., Udbyneder",1e,580769.2,6282709.1,Stamdata
T181,Point (579691 6281627),5.71313E+17,13 11 2021,3600,126,61.5,87,Vestas Wind Systems A/S,V126-3.6 MW,730,Randers,LAND,"Udbyneder By, Udbyneder",8f,579691,6281627,Stamdata
T182,Point (579415 6281112),5.71313E+17,6 11 2021,3600,126,61.5,150,Vestas Wind Systems A/S,V126-3.6 MW,730,Randers,LAND,"Udbyneder By, Udbyneder",15k,579415,6281112,Stamdata
T183,Point (579937 6281163),5.71313E+17,10 11 2021,3600,126,61.5,150,Vestas Wind Systems A/S,V126-3.6 MW,730,Randers,LAND,"Udbyneder By, Udbyneder",15x,579937,6281163,Stamdata
T184,Point (580460 6281213),5.71313E+17,15 11 2021,3600,126,61.5,150,Vestas Wind Systems A/S,V126-3.6 MW,730,Randers,LAND,"Udbyneder By, Udbyneder",10v,580460,6281213,Stamdata
T185,Point (580982 6281264),5.71313E+17,16 11 2021,3600,126,61.5,150,Vestas Wind Systems A/S,V126-3.6 MW,730,Randers,LAND,"Udbyneder By, Udbyneder",10h,580982,6281264,Stamdata
T186,Point (579661 6280649),5.71313E+17,4 11 2021,3600,126,61.5,150,Vestas Wind Systems A/S,V126-3.6 MW,730,Randers,LAND,"Udbyneder By, Udbyneder",26g,579661,6280649,Stamdata
T187,Point (580184 6280699),5.71313E+17,16 11 2021,3600,126,61.5,150,Vestas Wind Systems A/S,V126-3.6 MW,730,Randers,LAND,"Udbyneder By, Udbyneder",14y,580184,6280699,Stamdata
T188,Point (580706 6280750),5.71313E+17,16 11 2021,3600,126,61.5,150,Vestas Wind Systems A/S,V126-3.6 MW,730,Randers,LAND,"Udbyneder By, Udbyneder",67i,580706,6280750,Stamdata
T189,Point (581229 6280800),5.71313E+17,16 11 2021,3600,126,61.5,150,Vestas Wind Systems A/S,V126-3.6 MW,730,Randers,LAND,"Udbyneder By, Udbyneder",67d,581229,6280800,Stamdata
T190,Point (579632 6279672),5.71313E+17,8 11 2021,3600,126,61.5,150,Vestas Wind Systems A/S,V126-3.6 MW,730,Randers,LAND,"Udbyneder By, Udbyneder",29v,579632,6279672,Stamdata
T191,Point (564517 6251723.05999999959021807),5.71313E+17,29 06 2013,2000,90,43.5,80,Vestas Wind Systems A/S,V 90 2,730,Randers,LAND,"Halund by, Haslund",12i,564517,6251723.06,SDFE2018
T192,Point (564255.59999999997671694 6251751.58000000007450581),5.71313E+17,29 06 2013,2000,90,43.5,80,Vestas Wind Systems A/S,V 90 2,730,Randers,LAND,"Halund by, Haslund",12k,564255.6,6251751.58,SDFE2018
T193,Point (563993.94999999995343387 6251780.48000000044703484),5.71313E+17,29 06 2013,2000,90,43.5,80,Vestas Wind Systems A/S,V 90 2,730,Randers,LAND,"Halund by, Haslund",12l,563993.95,6251780.48,SDFE2018
T194,Point (565938.63000000000465661 6270506.73000000044703484),5.71313E+17,13 07 2015,2000,90,43.5,80,Vestas Wind Systems A/S,V 90 2,730,Randers,LAND,"Mostrup Gde., Hald",2a,565938.63,6270506.73,SDFE2018
T195,Point (565589.63000000000465661 6270632.69000000040978193),5.71313E+17,15 07 2015,2000,90,43.5,80,Vestas Wind Systems A/S,V 90 2,730,Randers,LAND,"Mostrup Gde., Hald",2a,565589.63,6270632.69,SDFE2018
T196,Point (565240.0400000000372529 6270758.66999999992549419),5.71313E+17,23 07 2015,2000,90,43.5,80,Vestas Wind Systems A/S,V 90 2,730,Randers,LAND,"Mostrup Gde., Hald",2e,565240.04,6270758.67,SDFE2018
T197,Point (564891.26000000000931323 6270884.58000000007450581),5.71313E+17,20 07 2015,2000,90,43.5,80,Vestas Wind Systems A/S,V 90 2,730,Randers,LAND,"Mostrup Gde., Hald",1h,564891.26,6270884.58,SDFE2018
T198,Point (564541.0400000000372529 6271010.54999999981373549),5.71313E+17,18 07 2015,2000,90,43.5,80,Vestas Wind Systems A/S,V 90 2,730,Randers,LAND,"Mostrup Gde., Hald",8f,564541.04,6271010.55,SDFE2018
T199,Point (564191.4599999999627471 6271136.83000000007450581),5.71313E+17,15 07 2015,2000,90,43.5,80,Vestas Wind Systems A/S,V 90 2,730,Randers,LAND,"Mostrup Gde., Hald",8f,564191.46,6271136.83,SDFE2018
T200,Point (546013 6222608),5.71313E+17,5 02 2018,3600,117,57,91.5,Vestas Wind Systems A/S,V117-3.6 MW,740,Silkeborg,LAND,"Mollerup by, Linå",5b,546013,6222608,SDFE2018
T201,Point (546830 6222611),5.71313E+17,30 12 2017,3600,117,57,91.5,Vestas Wind Systems A/S,V117-3.6 MW,746,Skanderborg,LAND,"Kalbygård HGD, Låsby",2ac,546830,6222611,SDFE2018
T202,Point (546422 6222608),5.71313E+17,26 01 2018,3600,117,57,91.5,Vestas Wind Systems A/S,V117-3.6 MW,746,Skanderborg,LAND,"Kalbygård HGD, Låsby",2ac,546422,6222608,SDFE2018
T203,Point (472483.65999999997438863 6201619.99000000022351742),5.70715E+17,25 09 2009,3000,90,43.5,80,Vestas Wind Systems A/S,V 90 3,760,Ringkøbing-Skjern,LAND,Kelstrup,5e,472483.66,6201619.99,SDFE2018
T204,Point (472436.91999999998370185 6201886.98000000044703484),5.70715E+17,29 09 2009,3000,90,43.5,80,Vestas Wind Systems A/S,V 90 3,760,Ringkøbing-Skjern,LAND,Kelstrup,4i,472436.92,6201886.98,SDFE2018
T205,Point (472389.71000000002095476 6202153.62999999988824129),5.70715E+17,25 09 2009,3000,90,43.5,80,Vestas Wind Systems A/S,V 90 3,760,Ringkøbing-Skjern,LAND,Kelstrup,5e,472389.71,6202153.63,SDFE2018
T206,Point (467410.34000000002561137 6214873.08999999985098839),5.70715E+17,11 07 2009,1800,90,43.5,80,Vestas Wind Systems A/S,"V 90 1,8",760,Ringkøbing-Skjern,LAND,"Den sydvestlige del, Brejning",32d,467410.34,6214873.09,SDFE2018
T207,Point (467760.30999999999767169 6214943.20000000018626451),5.70715E+17,13 07 2009,1800,90,43.5,80,Vestas Wind Systems A/S,"V 90 1,8",760,Ringkøbing-Skjern,LAND,"Den sydvestlige del, Brejning",4n,467760.31,6214943.2,SDFE2018
T208,Point (468111.41999999998370185 6215011.69000000040978193),5.70715E+17,8 07 2009,1800,90,43.5,80,Vestas Wind Systems A/S,"V 90 1,8",760,Ringkøbing-Skjern,LAND,"Den sydvestlige del, Brejning",4r,468111.42,6215011.69,SDFE2018
T209,Point (468462.22999999998137355 6215079.16999999992549419),5.70715E+17,14 07 2009,1800,90,43.5,80,Vestas Wind Systems A/S,"V 90 1,8",760,Ringkøbing-Skjern,LAND,"Den sydvestlige del, Brejning",2k,468462.23,6215079.17,SDFE2018
T210,Point (452308.04999999998835847 6220383.75),5.70715E+17,29 06 2010,3000,90,43.5,80,Vestas Wind Systems A/S,V 90 3,760,Ringkøbing-Skjern,LAND,"Søgård hdg., Nysogn",98h,452308.05,6220383.75,SDFE2018
T211,Point (452293.95000000001164153 6220065.04999999981373549),5.70715E+17,2 07 2010,3000,90,43.5,80,Vestas Wind Systems A/S,V 90 3,760,Ringkøbing-Skjern,LAND,"Søgård hdg., Nysogn",93e,452293.95,6220065.05,SDFE2018
T212,Point (452280.17999999999301508 6219747.05999999959021807),5.70715E+17,23 06 2010,3000,90,43.5,80,Vestas Wind Systems A/S,V 90 3,760,Ringkøbing-Skjern,LAND,"Søgård hdg., Nysogn",309a,452280.18,6219747.06,SDFE2018
T213,Point (452266.08000000001629815 6219428.80999999959021807),5.70715E+17,29 06 2010,3000,90,43.5,80,Vestas Wind Systems A/S,V 90 3,760,Ringkøbing-Skjern,LAND,Strandgårde Gammelsogn,11k,452266.08,6219428.81,SDFE2018
T214,Point (452252.39000000001396984 6219119.55999999959021807),5.70715E+17,24 06 2010,3000,90,43.5,80,Vestas Wind Systems A/S,V 90 3,760,Ringkøbing-Skjern,LAND,Strandgårde Gammelsogn,14l,452252.39,6219119.56,SDFE2018
T215,Point (457700.11999999999534339 6190144.57000000029802322),5.70715E+17,21 12 2010,3000,90,43.5,80,Vestas Wind Systems A/S,V 90-3 MW,760,Ringkøbing-Skjern,LAND,"Bandbøl By, Hemmet",5h,457700.12,6190144.57,SDFE2018
T216,Point (457554.25 6190474.46999999973922968),5.70715E+17,21 12 2010,3000,90,43.5,80,Vestas Wind Systems A/S,V 90-3 MW,760,Ringkøbing-Skjern,LAND,"Bandbøl By, Hemmet",21f,457554.25,6190474.47,SDFE2018
T217,Point (457408.40000000002328306 6190803.5400000000372529),5.70715E+17,21 12 2010,3000,90,43.5,80,Vestas Wind Systems A/S,V 90-3 MW,760,Ringkøbing-Skjern,LAND,"Nr. Bork By, Nr. Bork",85,457408.4,6190803.54,SDFE2018
T218,Point (457928.11999999999534339 6190509.08000000007450581),5.70715E+17,22 12 2010,3000,90,43.5,80,Vestas Wind Systems A/S,V 90-3 MW,760,Ringkøbing-Skjern,LAND,"Bandsbøl By, Hemmet",8e,457928.12,6190509.08,SDFE2018
T219,Point (457782.30999999999767169 6190836.78000000026077032),5.70715E+17,21 12 2010,3000,90,43.5,80,Vestas Wind Systems A/S,V 90-3 MW,760,Ringkøbing-Skjern,LAND,"Bandsbøl By, Hemmet",16d,457782.31,6190836.78,SDFE2018
T220,Point (457634.65999999997438863 6191173.24000000022351742),5.70715E+17,21 12 2010,3000,90,43.5,80,Vestas Wind Systems A/S,V 90-3 MW,760,Ringkøbing-Skjern,LAND,"Bandsbøl By, Hemmet",55a,457634.66,6191173.24,SDFE2018
T221,Point (474857.15999999997438863 6194137.61000000033527613),5.70715E+17,17 12 2010,3000,90,43.5,80,Vestas Wind Systems A/S,V 90-3 MW,760,Ringkøbing-Skjern,LAND,Ådum Kirkeby,3b,474857.16,6194137.61,SDFE2018
T222,Point (474599.76000000000931323 6194268.30999999959021807),5.70715E+17,16 12 2010,3000,90,43.5,80,Vestas Wind Systems A/S,V 90-3 MW,760,Ringkøbing-Skjern,LAND,Ådum Kirkeby,7a,474599.76,6194268.31,Stamdata
T223,Point (474343.77000000001862645 6194406.23000000044703484),5.70715E+17,16 12 2010,3000,90,43.5,80,Vestas Wind Systems A/S,V 90-3 MW,760,Ringkøbing-Skjern,LAND,Ådum Kirkeby,7f,474343.77,6194406.23,Stamdata
T224,Point (474089.44000000000232831 6194538.51999999955296516),5.70715E+17,16 12 2010,3000,90,43.5,80,Vestas Wind Systems A/S,V 90-3 MW,760,Ringkøbing-Skjern,LAND,Ådum Kirkeby,8e,474089.44,6194538.52,Stamdata
T225,Point (474674.83000000001629815 6193879.0400000000372529),5.70715E+17,16 12 2010,3000,90,43.5,80,Vestas Wind Systems A/S,V 90-3 MW,760,Ringkøbing-Skjern,LAND,Ådum Kirkeby,3d,474674.83,6193879.04,Stamdata
T226,Point (474398.01000000000931323 6194015.29999999981373549),5.70715E+17,16 12 2010,3000,90,43.5,80,Vestas Wind Systems A/S,V 90-3 MW,760,Ringkøbing-Skjern,LAND,Ådum Kirkeby,7a,474398.01,6194015.3,Stamdata
T227,Point (474134.26000000000931323 6194144.51999999955296516),5.70715E+17,15 12 2010,3000,90,43.5,80,Vestas Wind Systems A/S,V 90-3 MW,760,Ringkøbing-Skjern,LAND,Ådum Kirkeby,8a,474134.26,6194144.52,SDFE2018
T228,Point (473871.15999999997438863 6194272.61000000033527613),5.70715E+17,16 12 2010,3000,90,43.5,80,Vestas Wind Systems A/S,V 90-3 MW,760,Ringkøbing-Skjern,LAND,Ådum Kirkeby,6c,473871.16,6194272.61,Stamdata
T229,Point (460170.26000000000931323 6210725.67999999970197678),5.70715E+17,23 12 2011,3075,112,54.5,94,Vestas Wind Systems A/S,V112-3.0MW,760,Ringkøbing-Skjern,LAND,"Ø.Lem by, Sdr. Lem",29f,460170.26,6210725.68,SDFE2018
T230,Point (460068.34999999997671694 6211008.16000000014901161),5.70715E+17,27 12 2011,3075,112,54.5,94,Vestas Wind Systems A/S,V112-3.0MW,760,Ringkøbing-Skjern,LAND,"Ø.Lem by, Sdr. Lem",71i,460068.35,6211008.16,SDFE2018
T231,Point (459961.14000000001396984 6211305.0400000000372529),5.70715E+17,21 12 2011,3075,112,54.5,94,Vestas Wind Systems A/S,V112-3.0MW,760,Ringkøbing-Skjern,LAND,"Ø.Lem by, Sdr. Lem",24g,459961.14,6211305.04,SDFE2018
T232,Point (459856.46000000002095476 6211595.21999999973922968),5.70715E+17,30 12 2011,3075,112,54.5,94,Vestas Wind Systems A/S,V112-3.0MW,760,Ringkøbing-Skjern,LAND,"Ø.Lem by, Sdr. Lem",17q,459856.46,6211595.22,SDFE2018
T233,Point (459751.86999999999534339 6211885.66000000014901161),5.70715E+17,30 12 2011,3075,112,54.5,94,Vestas Wind Systems A/S,V112-3.0MW,760,Ringkøbing-Skjern,LAND,"Holmgård, Sdr. Lem",1af,459751.87,6211885.66,SDFE2018
T234,Point (459654.75 6210731.07000000029802322),5.70715E+17,27 12 2011,3075,112,54.5,94,Vestas Wind Systems A/S,V112-3.0MW,760,Ringkøbing-Skjern,LAND,"Ø.Lem by, Sdr. Lem",16m,459654.75,6210731.07,SDFE2018
T235,Point (459188.84000000002561137 6211936.75999999977648258),5.70715E+17,30 12 2011,3075,112,54.5,94,Vestas Wind Systems A/S,V112-3.0MW,760,Ringkøbing-Skjern,LAND,"Den nordlige del, Velling",53i,459188.84,6211936.76,SDFE2018
T236,Point (459074.48999999999068677 6212232.20000000018626451),5.70715E+17,28 12 2011,3075,112,54.5,94,Vestas Wind Systems A/S,V112-3.0MW,760,Ringkøbing-Skjern,LAND,"Den nordlige del, Velling",53h,459074.49,6212232.2,SDFE2018
T237,Point (464456.78999999997904524 6189428.58000000007450581),5.70715E+17,29 12 2011,3075,112,54.5,85,Vestas Wind Systems A/S,V112-3.0MW,760,Ringkøbing-Skjern,LAND,Hemmet Præstegård,40,464456.79,6189428.58,SDFE2018
T238,Point (464186.82000000000698492 6189656.71999999973922968),5.70715E+17,30 12 2011,3075,112,54.5,85,Vestas Wind Systems A/S,V112-3.0MW,760,Ringkøbing-Skjern,LAND,Hemmet Præstegård,18d,464186.82,6189656.72,SDFE2018
T239,Point (463916.72999999998137355 6189884.90000000037252903),5.70715E+17,29 12 2011,3075,112,54.5,85,Vestas Wind Systems A/S,V112-3.0MW,760,Ringkøbing-Skjern,LAND,Hemmet Præstegård,40,463916.73,6189884.9,SDFE2018
T240,Point (463647.03000000002793968 6190113.28000000026077032),5.70715E+17,28 12 2011,3075,112,54.5,85,Vestas Wind Systems A/S,V112-3.0MW,760,Ringkøbing-Skjern,LAND,Hemmet Præstegård,5e,463647.03,6190113.28,SDFE2018
T241,Point (463377.35999999998603016 6190342.24000000022351742),5.70715E+17,29 12 2011,3075,112,54.5,85,Vestas Wind Systems A/S,V112-3.0MW,760,Ringkøbing-Skjern,LAND,Hemmet Præstegård,15p,463377.36,6190342.24,SDFE2018
T242,Point (463107.61999999999534339 6190569.25999999977648258),5.70715E+17,23 12 2011,3075,112,54.5,85,Vestas Wind Systems A/S,V112-3.0MW,760,Ringkøbing-Skjern,LAND,Hemmet Præstegård,15p,463107.62,6190569.26,SDFE2018
T243,Point (462838.02000000001862645 6190798.16000000014901161),5.70715E+17,21 12 2011,3075,112,54.5,85,Vestas Wind Systems A/S,V112-3.0MW,760,Ringkøbing-Skjern,LAND,Hemmet Præstegård,15p,462838.02,6190798.16,SDFE2018
T244,Point (444712.67999999999301508 6206577.5),5.70715E+17,21 12 2011,3075,112,54.5,88,Vestas Wind Systems A/S,V112-3.0MW,760,Ringkøbing-Skjern,LAND,"Søgård Hgd., Holmsland Klit",11q,444712.68,6206577.5,SDFE2018
T245,Point (444566.53000000002793968 6207293.53000000026077032),5.70715E+17,30 12 2011,3075,112,54.5,88,Vestas Wind Systems A/S,V112-3.0MW,760,Ringkøbing-Skjern,LAND,"Søgård Hgd., Holmsland Klit",11ef,444566.53,6207293.53,SDFE2018
T246,Point (483797.42999999999301508 6207163.36000000033527613),5.70715E+17,27 06 2012,3075,112,54.5,94,Vestas Wind Systems A/S,V112-3.0MW,760,Ringkøbing-Skjern,LAND,"Den østlige del, Nr. Vium",4æ,483797.43,6207163.36,SDFE2018
T247,Point (483934.36999999999534339 6207596.61000000033527613),5.70715E+17,27 06 2012,3075,112,54.5,94,Vestas Wind Systems A/S,V112-3.0MW,760,Ringkøbing-Skjern,LAND,"Den Østlige det, Nr. Vium",3c,483934.37,6207596.61,SDFE2018
T248,Point (484066.65000000002328306 6208036.82000000029802322),5.70715E+17,27 06 2012,3075,112,54.5,94,Vestas Wind Systems A/S,V112-3.0MW,760,Ringkøbing-Skjern,LAND,"Den østlige Del, Nr. Vium",3c,484066.65,6208036.82,SDFE2018
T249,Point (484199.96999999997206032 6208463.86000000033527613),5.70715E+17,27 06 2012,3075,112,54.5,94,Vestas Wind Systems A/S,V112-3.0MW,760,Ringkøbing-Skjern,LAND,"Den østlige Del, Nr. Vium",3n,484199.97,6208463.86,SDFE2018
T250,Point (483511.76000000000931323 6207713.29999999981373549),5.70715E+17,27 06 2012,3075,112,54.5,94,Vestas Wind Systems A/S,V112-3.0MW,760,Ringkøbing-Skjern,LAND,"Den østlie Del, Nr. Vium",4æ,483511.76,6207713.3,SDFE2018
T251,Point (483225.57000000000698492 6208270.36000000033527613),5.70715E+17,27 06 2012,3075,112,54.5,94,Vestas Wind Systems A/S,V112-3.0MW,760,Ringkøbing-Skjern,LAND,"Den østlige del, Nr. Vium",3q,483225.57,6208270.36,SDFE2018
T252,Point (459424.15999999997438863 6211327.42999999970197678),5.70715E+17,20 12 2012,3300,112,54.5,94,Vestas Wind Systems A/S,"V112-3,45MW",760,Ringkøbing-Skjern,LAND,"Ø. Lem By, sdr. Lem",15i,459424.16,6211327.43,SDFE2018
T253,Point (458349 6189557.90000000037252903),5.71313E+17,30 12 2017,3600,126,61.5,87,Vestas Wind Systems A/S,V126-3.6 MW,760,Ringkøbing-Skjern,LAND,"Bandsbøl By, Hemmet",4g,458349,6189557.9,SDFE2018
T254,Point (458208.90000000002328306 6189875.09999999962747097),5.71313E+17,16 01 2018,3600,126,61.5,87,Vestas Wind Systems A/S,V126-3.6 MW,760,Ringkøbing-Skjern,LAND,"Bandsbøl By, Hemmet",12c,458208.9,6189875.1,SDFE2018
T255,Point (458068.79999999998835847 6190192.40000000037252903),5.71313E+17,22 12 2017,3600,126,61.5,87,Vestas Wind Systems A/S,V126-3.6 MW,760,Ringkøbing-Skjern,LAND,"Bandsbøl By, Hemmet",12c,458068.8,6190192.4,SDFE2018
T256,Point (457997.40000000002328306 6189470.70000000018626451),5.71313E+17,28 12 2017,3600,126,61.5,87,Vestas Wind Systems A/S,V126-3.6 MW,760,Ringkøbing-Skjern,LAND,"Nr. Bork By, Nr. Bork",20a,457997.4,6189470.7,SDFE2018
T257,Point (457847.70000000001164153 6189809.70000000018626451),5.71313E+17,19 01 2018,3600,126,61.5,87,Vestas Wind Systems A/S,V126-3.6 MW,760,Ringkøbing-Skjern,LAND,"Bandsbøl By, Hemmet",12c,457847.7,6189809.7,SDFE2018
T258,Point (458149.20000000001164153 6189127.09999999962747097),5.71313E+17,22 12 2017,3600,126,61.5,87,Vestas Wind Systems A/S,V126-3.6 MW,760,Ringkøbing-Skjern,LAND,"Nr. Bork By, Nr. Bork",64a,458149.2,6189127.1,SDFE2018
T259,Point (483250 6186606),5.71313E+17,21 12 2017,3600,126,61.5,87,Vestas Wind Systems A/S,V126-3.6 MW,760,Ringkøbing-Skjern,LAND,"Grimlund Gde., Hoven",1d,483250,6186606,SDFE2018
T260,Point (483285 6186957),5.71313E+17,20 12 2017,3600,126,61.5,87,Vestas Wind Systems A/S,V126-3.6 MW,760,Ringkøbing-Skjern,LAND,"Grimlund Ge, Hoven",1d,483285,6186957,SDFE2018
T261,Point (483319 6187308),5.71313E+17,20 12 2017,3600,126,61.5,87,Vestas Wind Systems A/S,V126-3.6 MW,760,Ringkøbing-Skjern,LAND,"Grimlund Gde., Hoven",1d,483319,6187308,SDFE2018
T262,Point (482854 6186670),5.71313E+17,22 12 2017,3600,126,61.5,87,Vestas Wind Systems A/S,V126-3.6 MW,760,Ringkøbing-Skjern,LAND,"Grimlund Gde., Hoven",1d,482854,6186670,SDFE2018
T263,Point (482888 6187021),5.71313E+17,20 12 2017,3600,126,61.5,87,Vestas Wind Systems A/S,V126-3.6 MW,760,Ringkøbing-Skjern,LAND,"Grimlund Gde., Hoven",1d,482888,6187021,SDFE2018
T264,Point (482923 6187373),5.71313E+17,20 12 2017,3600,126,61.5,87,Vestas Wind Systems A/S,V126-3.6 MW,760,Ringkøbing-Skjern,LAND,"Grimlund Gde., Hoven",1d,482923,6187373,SDFE2018
T265,Point (463705.09000000002561137 6190611.11000000033527613),5.71313E+17,22 12 2017,3600,117,57,91,Vestas Wind Systems A/S,V117-3.6 MW,760,Ringkøbing-Skjern,LAND,"Lønborggård Hgd., Lønborg",1y,463705.09,6190611.11,SDFE2018
T266,Point (463973.11999999999534339 6190384.79999999981373549),5.71313E+17,23 12 2017,3600,117,57,91,Vestas Wind Systems A/S,V117-3.6 MW,760,Ringkøbing-Skjern,LAND,"Lønborggård Hgd., Lønborg",1y,463973.12,6190384.8,SDFE2018
T267,Point (464242.01000000000931323 6190157.00999999977648258),5.71313E+17,23 12 2017,3600,117,57,91,Vestas Wind Systems A/S,V117-3.6 MW,760,Ringkøbing-Skjern,LAND,"Lønborggård Hgd., Lønborg",1y,464242.01,6190157.01,SDFE2018
T268,Point (464510.16999999998370185 6189930.20000000018626451),5.71313E+17,5 01 2018,3600,117,57,91,Vestas Wind Systems A/S,V117-3.6 MW,760,Ringkøbing-Skjern,LAND,"Lønborggård Hgd., Lønborg",1y,464510.17,6189930.2,SDFE2018
T269,Point (464777.11999999999534339 6189704.76999999955296516),5.71313E+17,31 12 2017,3600,117,57,91,Vestas Wind Systems A/S,V117-3.6 MW,760,Ringkøbing-Skjern,LAND,"Hemmet Præstegård, Hemmet",41,464777.12,6189704.77,SDFE2018
T270,Point (465046.01000000000931323 6189477.00999999977648258),5.71313E+17,7 02 2018,3600,117,57,91,Vestas Wind Systems A/S,V117-3.6 MW,760,Ringkøbing-Skjern,LAND,"Hemmet Præstegård, Hemmet",43,465046.01,6189477.01,SDFE2018
T271,Point (464723.95000000001164153 6189203.23000000044703484),5.71313E+17,8 02 2018,3600,117,57,91,Vestas Wind Systems A/S,V117-3.6 MW,760,Ringkøbing-Skjern,LAND,"Hemmet Præstegård, Hemmet",43,464723.95,6189203.23,SDFE2018
T272,Point (463067.76000000000931323 6190087.7099999999627471),5.71313E+17,23 12 2017,3600,117,57,91,Vestas Wind Systems A/S,V117-3.6 MW,760,Ringkøbing-Skjern,LAND,"Hemmet Præstegård, Hemmet",19a,463067.76,6190087.71,SDFE2018
T273,Point (463336.28000000002793968 6189860.66000000014901161),5.71313E+17,30 12 2017,3600,117,57,91,Vestas Wind Systems A/S,V117-3.6 MW,760,Ringkøbing-Skjern,LAND,"Hemmet Præstegård, Hemmet",4n,463336.28,6189860.66,SDFE2018
T274,Point (463605.65000000002328306 6189629.37000000011175871),5.71313E+17,29 12 2017,3600,117,57,91,Vestas Wind Systems A/S,V117-3.6 MW,760,Ringkøbing-Skjern,LAND,"Hemmet Præstegård, Hemmet",5c,463605.65,6189629.37,SDFE2018
T275,Point (463876.42999999999301508 6189404.12999999988824129),5.71313E+17,7 02 2018,3600,117,57,91,Vestas Wind Systems A/S,V117-3.6 MW,760,Ringkøbing-Skjern,LAND,"Hemmet Præstegård, Hemmet",39,463876.43,6189404.13,SDFE2018
T276,Point (464146.97999999998137355 6189174.96999999973922968),5.71313E+17,7 02 2018,3600,117,57,91,Vestas Wind Systems A/S,V117-3.6 MW,760,Ringkøbing-Skjern,LAND,"Hemmet Præstegård, Hemmet",39,464146.98,6189174.97,SDFE2018
T277,Point (464417.65000000002328306 6188946.04999999981373549),5.71313E+17,7 02 2018,3600,117,57,91,Vestas Wind Systems A/S,V117-3.6 MW,760,Ringkøbing-Skjern,LAND,"Hemmet Præstegård, Hemmet",42,464417.65,6188946.05,SDFE2018
T278,Point (457413 6209509),5.71313E+17,18 12 2020,5600,150,73.5,125,Vestas Wind Systems A/S,"V150-5,6 MW",760,Ringkøbing-Skjern,LAND,"Venner By, Velling",1ax,457413,6209509,Stamdata
T279,Point (457512 6208823),5.71313E+17,18 12 2020,5600,162,79.5,119,Vestas Wind Systems A/S,"V162-5,6 MW",760,Ringkøbing-Skjern,LAND,"Venner By, Velling",16,457512,6208823,Stamdata
T280,Point (479023.35999999998603016 6207801.74000000022351742),5.71313E+17,12 08 2013,3000,90,43.5,80,Vestas Wind Systems A/S,V 90-3 MW,760,Ringkøbing-Skjern,LAND,"den østlige del, Falster",10ai,479023.36,6207801.74,SDFE2018
T281,Point (479344.28999999997904524 6207695.80999999959021807),5.71313E+17,13 08 2013,3000,90,43.5,80,Vestas Wind Systems A/S,V 90-3 MW,760,Ringkøbing-Skjern,LAND,"den østlige del, Falster",10ai,479344.29,6207695.81,SDFE2018
T282,Point (479666.13000000000465661 6207588.5),5.71313E+17,14 08 2013,3000,90,43.5,80,Vestas Wind Systems A/S,V 90-3 MW,760,Ringkøbing-Skjern,LAND,"den østlige del, Falster",12b,479666.13,6207588.5,SDFE2018
T283,Point (462102.09000000002561137 6215999.76999999955296516),5.71313E+17,10 12 2013,3300,112,54.5,94,Vestas Wind Systems A/S,V112-3.3MW,760,Ringkøbing-Skjern,LAND,Degneboligen Ølstrup,16o,462102.09,6215999.77,SDFE2018
T284,Point (461797.39000000001396984 6216175.16999999992549419),5.71313E+17,10 12 2013,3300,112,54.5,94,Vestas Wind Systems A/S,V112-3.3MW,760,Ringkøbing-Skjern,LAND,Degneboligen Ølstrup,28f,461797.39,6216175.17,SDFE2018
T285,Point (461492.92999999999301508 6216350.36000000033527613),5.71313E+17,11 12 2013,3300,112,54.5,94,Vestas Wind Systems A/S,V112-3.3MW,760,Ringkøbing-Skjern,LAND,Degneboligen Ølstrup,15q,461492.93,6216350.36,SDFE2018
T286,Point (461188.29999999998835847 6216525.09999999962747097),5.71313E+17,7 11 2013,3300,112,54.5,94,Vestas Wind Systems A/S,V112-3.3MW,760,Ringkøbing-Skjern,LAND,Degneboligen Ølstrup,14t,461188.3,6216525.1,SDFE2018
T287,Point (460883.75 6216701.08999999985098839),5.71313E+17,1 11 2013,3300,112,54.5,94,Vestas Wind Systems A/S,V112-3.3MW,760,Ringkøbing-Skjern,LAND,Degneboligen Ølstrup,14u,460883.75,6216701.09,SDFE2018
T288,Point (460578.70000000001164153 6216876.12000000011175871),5.71313E+17,1 11 2013,3300,112,54.5,94,Vestas Wind Systems A/S,V112-3.3MW,760,Ringkøbing-Skjern,LAND,Degneboligen Ølstrup,14v,460578.7,6216876.12,SDFE2018
T289,Point (460275.40999999997438863 6217050.91999999992549419),5.71313E+17,13 12 2013,3300,112,54.5,94,Vestas Wind Systems A/S,V112-3.3MW,760,Ringkøbing-Skjern,LAND,Degneboligen Ølstrup,18ø,460275.41,6217050.92,SDFE2018
T290,Point (459970.13000000000465661 6217226.58999999985098839),5.71313E+17,14 12 2013,3300,112,54.5,94,Vestas Wind Systems A/S,V112-3.3MW,760,Ringkøbing-Skjern,LAND,"Den sydlige del, No",45t,459970.13,6217226.59,SDFE2018
T291,Point (459666.25 6217401.12999999988824129),5.71313E+17,20 11 2013,3300,112,54.5,94,Vestas Wind Systems A/S,V112-3.3MW,760,Ringkøbing-Skjern,LAND,"Den sydlige del, No",45u,459666.25,6217401.13,SDFE2018
T292,Point (459360.78999999997904524 6217576.26999999955296516),5.71313E+17,22 11 2013,3300,112,54.5,94,Vestas Wind Systems A/S,V112-3.3MW,760,Ringkøbing-Skjern,LAND,"Den sydlige del, No",64e,459360.79,6217576.27,SDFE2018
T293,Point (459057.23999999999068677 6217751.65000000037252903),5.71313E+17,28 11 2013,3300,112,54.5,94,Vestas Wind Systems A/S,V112-3.3MW,760,Ringkøbing-Skjern,LAND,"Den sydlige del, No",19ab,459057.24,6217751.65,SDFE2018
T294,Point (462503.34999999997671694 6216313.58000000007450581),5.71313E+17,3 12 2013,3300,112,54.5,94,Vestas Wind Systems A/S,V112-3.3MW,760,Ringkøbing-Skjern,LAND,Degneboligen Ølstrup,16p,462503.35,6216313.58,SDFE2018
T295,Point (462189.75 6216494.40000000037252903),5.71313E+17,3 12 2013,3300,112,54.5,94,Vestas Wind Systems A/S,V112-3.3MW,760,Ringkøbing-Skjern,LAND,Degneboligen Ølstrup,17n,462189.75,6216494.4,SDFE2018
T296,Point (461876.40000000002328306 6216673.90000000037252903),5.71313E+17,3 12 2013,3300,112,54.5,94,Vestas Wind Systems A/S,V112-3.3MW,760,Ringkøbing-Skjern,LAND,Degneboligen Ølstrup,17o,461876.4,6216673.9,SDFE2018
T297,Point (461563.30999999999767169 6216854.58000000007450581),5.71313E+17,27 11 2013,3300,112,54.5,94,Vestas Wind Systems A/S,V112-3.3MW,760,Ringkøbing-Skjern,LAND,Degneboligen Ølstrup,17p,461563.31,6216854.58,SDFE2018
T298,Point (461250.41999999998370185 6217033.96999999973922968),5.71313E+17,19 12 2013,3300,112,54.5,94,Vestas Wind Systems A/S,V112-3.3MW,760,Ringkøbing-Skjern,LAND,Degneboligen Ølstrup,17q,461250.42,6217033.97,SDFE2018
T299,Point (460939.89000000001396984 6217214.66000000014901161),5.71313E+17,9 11 2013,3300,112,54.5,94,Vestas Wind Systems A/S,V112-3.3MW,760,Ringkøbing-Skjern,LAND,Degneboligen Ølstrup,19z,460939.89,6217214.66,SDFE2018
T300,Point (460623.60999999998603016 6217394.84999999962747097),5.71313E+17,17 12 2013,3300,112,54.5,94,Vestas Wind Systems A/S,V112-3.3MW,760,Ringkøbing-Skjern,LAND,Degneboligen Ølstrup,19æ,460623.61,6217394.85,SDFE2018
T301,Point (460309.41999999998370185 6217575.92999999970197678),5.71313E+17,17 12 2013,3300,112,54.5,94,Vestas Wind Systems A/S,V112-3.3MW,760,Ringkøbing-Skjern,LAND,Degneboligen Ølstrup,19ø,460309.42,6217575.93,SDFE2018
T302,Point (460001.20000000001164153 6217756.08000000007450581),5.71313E+17,16 12 2013,3300,112,54.5,94,Vestas Wind Systems A/S,V112-3.3MW,760,Ringkøbing-Skjern,LAND,"Den sydlige del, No",43m,460001.2,6217756.08,SDFE2018
T303,Point (459684.34000000002561137 6217935.33999999985098839),5.71313E+17,17 12 2013,3300,112,54.5,94,Vestas Wind Systems A/S,V112-3.3MW,760,Ringkøbing-Skjern,LAND,"Den sydlige del, No",62n,459684.34,6217935.34,SDFE2018
T304,Point (459370.11999999999534339 6218116.25),5.71313E+17,14 12 2013,3300,112,54.5,94,Vestas Wind Systems A/S,V112-3.3MW,760,Ringkøbing-Skjern,LAND,"Den sydlige del, No",62o,459370.12,6218116.25,SDFE2018
T305,Point (473659.01000000000931323 6208169.75),5.71313E+17,11 07 2015,2000,80,38.5,67,Vestas Wind Systems A/S,V 80 2,760,Ringkøbing-Skjern,LAND,"Sædding by, Sædding",8r,473659.01,6208169.75,SDFE2018
T306,Point (473861.09999999997671694 6208431.25),5.71313E+17,7 07 2015,2000,80,38.5,67,Vestas Wind Systems A/S,V 80 2,760,Ringkøbing-Skjern,LAND,"Sædding by, Sædding",10s,473861.1,6208431.25,SDFE2018
T307,Point (474063.03999999997904524 6208693.20000000018626451),5.71313E+17,4 07 2015,2000,80,38.5,67,Vestas Wind Systems A/S,V 80 2,760,Ringkøbing-Skjern,LAND,"Sædding by, Sædding",6bø,474063.04,6208693.2,SDFE2018
T308,Point (452793.36999999999534339 6220184.11000000033527613),5.71313E+17,26 11 2015,3000,90,43.5,80,Vestas Wind Systems A/S,V 90-3 MW,760,Ringkøbing-Skjern,LAND,"Søgård Hgd., Nysogn",155c,452793.37,6220184.11,SDFE2018
T309,Point (452781.71999999997206032 6219864.71999999973922968),5.71313E+17,29 12 2015,3000,90,43.5,80,Vestas Wind Systems A/S,V 90-3 MW,760,Ringkøbing-Skjern,LAND,"Søgård Hgd., Nysogn",3cc,452781.72,6219864.72,SDFE2018
T310,Point (452769.21000000002095476 6219544.63999999966472387),5.71313E+17,7 12 2015,3000,90,43.5,80,Vestas Wind Systems A/S,V 90-3 MW,760,Ringkøbing-Skjern,LAND,"Søgård Hgd., Nysogn",23s,452769.21,6219544.64,SDFE2018
T311,Point (452756.84000000002561137 6219225.23000000044703484),5.71313E+17,16 12 2015,3000,90,43.5,80,Vestas Wind Systems A/S,V 90-3 MW,760,Ringkøbing-Skjern,LAND,"Søgård Hgd., Nysogn",9as,452756.84,6219225.23,SDFE2018
T312,Point (452744.83000000001629815 6218905.86000000033527613),5.71313E+17,18 12 2015,3000,90,43.5,80,Vestas Wind Systems A/S,V 90-3 MW,760,Ringkøbing-Skjern,LAND,"Søgård Hgd., Nysogn",9at,452744.83,6218905.86,SDFE2018
T313,Point (459536 6211035.20000000018626451),5.71313E+17,15 11 2016,3600,117,57,91.5,Vestas Wind Systems A/S,V117-3.6 MW,760,Ringkøbing-Skjern,LAND,"Ø. Lem by, Sdr Lem",15l,459536,6211035.2,SDFE2018
T314,Point (459308.32000000000698492 6211626.69000000040978193),5.71313E+17,14 02 2018,2200,120,58.5,89.5,Vestas Wind Systems A/S,V120-2.2 MW,760,Ringkøbing-Skjern,LAND,0,0,459308.32,6211626.69,Stamdata
T315,Point (461688.59000000002561137 6287889.79999999981373549),5.70715E+17,25 02 2008,2000,80,38.5,67,Vestas Wind Systems A/S,V 80 2,787,Thisted,LAND,"Gundtoft By, Gettrup",13a,461688.59,6287889.8,SDFE2018
T316,Point (461732.42999999999301508 6287653.34999999962747097),5.70715E+17,5 03 2008,2000,80,38.5,67,Vestas Wind Systems A/S,V 80 2,787,Thisted,LAND,"Gundtoft By, Gettrup",13a,461732.43,6287653.35,SDFE2018
T317,Point (461775.85999999998603016 6287418.11000000033527613),5.70715E+17,5 03 2008,2000,80,38.5,67,Vestas Wind Systems A/S,V 80 2,787,Thisted,LAND,"Gundtoft By, Gettrup",1a,461775.86,6287418.11,SDFE2018
T318,Point (461819.03999999997904524 6287181.88999999966472387),5.70715E+17,5 03 2008,2000,80,38.5,67,Vestas Wind Systems A/S,V 80 2,787,Thisted,LAND,"Gundtoft By, Gettrup",1a,461819.04,6287181.89,SDFE2018
T319,Point (461862.64000000001396984 6286945.57000000029802322),5.70715E+17,5 03 2008,2000,80,38.5,67,Vestas Wind Systems A/S,V 80 2,787,Thisted,LAND,"Gundtoft By, Gettrup",1a,461862.64,6286945.57,SDFE2018
T320,Point (461647.35999999998603016 6288123.54999999981373549),5.70715E+17,5 03 2008,2000,80,38.5,67,Vestas Wind Systems A/S,V 80 2,787,Thisted,LAND,"Gundtoft By, Gettrup",1a,461647.36,6288123.55,SDFE2018
T321,Point (476833.40000000002328306 6331388.19000000040978193),5.70715E+17,16 01 2018,3600,126,61.5,87,Vestas Wind Systems A/S,V126-3.45,787,Thisted,LAND,"Hansted By, Hansted",39a,476833.4,6331388.19,SDFE2018
T322,Point (477326.37900000001536682 6331226.07400000002235174),5.70715E+17,30 12 2017,3600,126,61.5,87,Vestas Wind Systems A/S,V126-3.45,787,Thisted,LAND,"Hansted By, Hansted",39a,477326.379,6331226.074,Stamdata
T323,Point (477921.23999999999068677 6330981.58999999985098839),5.70715E+17,29 12 2017,3600,126,61.5,87,Vestas Wind Systems A/S,V126-3.45,787,Thisted,LAND,"Hansted By, Hansted",39a,477921.24,6330981.59,SDFE2018
T324,Point (485024.21999999997206032 6320313.57000000029802322),5.70715E+17,18 01 2021,3600,117,57,91.5,Vestas Wind Systems A/S,V117-3.6 MW,787,Thisted,LAND,Li.Hillerslev By Hillerslev,11,485024.22,6320313.57,Stamdata
T325,Point (485312.40799999999580905 6320276.92999999970197678),5.70715E+17,19 01 2021,3600,117,57,91.5,Vestas Wind Systems A/S,V117-3.6 MW,787,Thisted,LAND,Li.Hillerslev By Hillerslev,6Z,485312.408,6320276.93,Stamdata
T326,Point (485600.59600000001955777 6320240.4150000000372529),5.70715E+17,18 01 2021,3600,117,57,91.5,Vestas Wind Systems A/S,V117-3.6 MW,787,Thisted,LAND,"Oddershedegård, Hillerslev",4,485600.596,6320240.415,Stamdata
T327,Point (485888.78399999998509884 6320203.83700000029057264),5.70715E+17,18 01 2021,3600,117,57,91.5,Vestas Wind Systems A/S,V117-3.6 MW,787,Thisted,LAND,"Oddershedegård, Hillerslev",4,485888.784,6320203.837,Stamdata
T328,Point (484632.71600000001490116 6319938.63200000021606684),5.70715E+17,20 01 2021,3600,117,57,91.5,Vestas Wind Systems A/S,V117-3.6 MW,787,Thisted,LAND,St.Hillerslev By Hillerslev,10h,484632.716,6319938.632,Stamdata
T329,Point (484920.90399999998044223 6319902.053999999538064),5.70715E+17,20 01 2021,3600,117,57,91.5,Vestas Wind Systems A/S,V117-3.6 MW,787,Thisted,LAND,Li.Hillerslev By Hillerslev,1an,484920.904,6319902.054,Stamdata
T330,Point (485209.09200000000419095 6319865.47599999979138374),5.70715E+17,19 01 2021,3600,117,57,91.5,Vestas Wind Systems A/S,V117-3.6 MW,787,Thisted,LAND,Li.Hillerslev By Hillerslev,2a,485209.092,6319865.476,Stamdata
T331,Point (485497.28000000002793968 6319828.89900000020861626),5.70715E+17,20 01 2021,3600,117,57,91.5,Vestas Wind Systems A/S,V117-3.6 MW,787,Thisted,LAND,"Oddershedegård, Hillerslev",3i,485497.28,6319828.899,Stamdata
T332,Point (516162.5 6245623.33999999985098839),5.70715E+17,17 07 2008,2000,80,38.5,78,Vestas Wind Systems A/S,V 80,791,Viborg,LAND,"Trehuse, Frederiks",1b,516162.5,6245623.34,SDFE2018
T333,Point (516308.63000000000465661 6245855.44000000040978193),5.70715E+17,16 07 2008,2000,80,38.5,78,Vestas Wind Systems A/S,V 80,791,Viborg,LAND,"Trehuse, Frederiks",1b,516308.63,6245855.44,SDFE2018
T334,Point (523824.83000000001629815 6279742.38999999966472387),5.70715E+17,17 12 2008,2000,80,38.5,78,Vestas Wind Systems A/S,V 80 2,791,Viborg,LAND,"Gørup, Ulbjerg",4d,523824.83,6279742.39,SDFE2018
T335,Point (524006.08000000001629815 6279967.45000000018626451),5.70715E+17,17 12 2008,2000,80,38.5,78,Vestas Wind Systems A/S,V 80 2,791,Viborg,LAND,"Gørup By, Ulbjerg",6t,524006.08,6279967.45,SDFE2018
T336,Point (538710.98999999999068677 6276088.03000000026077032),5.70715E+17,21 12 2012,3000,90,43.5,80,Vestas Wind Systems A/S,V 90-3 MW,791,Viborg,LAND,"Hejring by, Klejtrup",9a,538710.99,6276088.03,SDFE2018
T337,Point (538620.77000000001862645 6276344.91000000014901161),5.70715E+17,19 12 2012,3000,90,43.5,80,Vestas Wind Systems A/S,V 90-3 MW,791,Viborg,LAND,"Hejring by, Klejtrup",9f,538620.77,6276344.91,SDFE2018
T338,Point (504684.34999999997671694 6256732.87999999988824129),5.71313E+17,24 06 2013,3075,112,54.5,84,Vestas Wind Systems A/S,V112-3.0MW,791,Viborg,LAND,"V. Børsting By, Vroue",6y,504684.35,6256732.88,SDFE2018
T339,Point (504899.21999999997206032 6256465.83999999985098839),5.71313E+17,21 06 2013,3075,112,54.5,84,Vestas Wind Systems A/S,V112-3.0MW,791,Viborg,LAND,"V. Børsting By, Vroue",9s,504899.22,6256465.84,SDFE2018
T340,Point (574455.88000000000465661 6332204.91999999992549419),5.70715E+17,8 05 2012,3075,112,54.5,94,Vestas Wind Systems A/S,V112-3.0MW,810,Brønderslev,LAND,"Bolle Fjerding, Dronninglund",64l,574455.88,6332204.92,SDFE2018
T341,Point (574859 6332452.55999999959021807),5.70715E+17,1 06 2012,3075,112,54.5,94,Vestas Wind Systems A/S,V112-3.0MW,810,Brønderslev,LAND,"Bolle Fjerding, Dronninglund",42m,574859,6332452.56,SDFE2018
T342,Point (575262.36999999999534339 6332700.37999999988824129),5.70715E+17,15 05 2012,3075,112,54.5,94,Vestas Wind Systems A/S,V112-3.0MW,810,Brønderslev,LAND,"Bolle Fjerding, Dronninglund",42n,575262.37,6332700.38,SDFE2018
T343,Point (558016.66000000003259629 6342461.2099999999627471),5.70715E+17,24 05 2013,3075,112,54.5,84,Vestas Wind Systems A/S,V112-3.0MW,810,Brønderslev,LAND,Kraghedens Vestlige Del Ø,1al,558016.66,6342461.21,SDFE2018
T344,Point (557738.0400000000372529 6342610.07000000029802322),5.70715E+17,24 05 2013,3075,112,54.5,84,Vestas Wind Systems A/S,V112-3.0MW,810,Brønderslev,LAND,Kraghedens Vestlige Del Ø,1al,557738.04,6342610.07,SDFE2018
T345,Point (557459.32999999995809048 6342758.84999999962747097),5.70715E+17,24 05 2013,3075,112,54.5,84,Vestas Wind Systems A/S,V112-3.0MW,810,Brønderslev,LAND,Kraghedens Vestlige Del Ø,1h,557459.33,6342758.85,SDFE2018
T346,Point (557180.69999999995343387 6342907.7099999999627471),5.70715E+17,24 05 2013,3075,112,54.5,84,Vestas Wind Systems A/S,V112-3.0MW,810,Brønderslev,LAND,Kraghedens Vestlige Del Ø,1h,557180.7,6342907.71,SDFE2018
T347,Point (562572.85999999998603016 6346736.2099999999627471),5.70715E+17,6 11 2013,2000,90,43.5,80,Vestas Wind Systems A/S,V 90 2,810,Brønderslev,LAND,"Stubdrup By, Ø.Brønderslev",2a,562572.86,6346736.21,SDFE2018
T348,Point (562870.05000000004656613 6346727.49000000022351742),5.70715E+17,31 10 2013,2000,90,43.5,80,Vestas Wind Systems A/S,V 90 2,810,Brønderslev,LAND,"Stubdrup By, Ø.Brønderslev",1m,562870.05,6346727.49,SDFE2018
T349,Point (563167.21999999997206032 6346718.63999999966472387),5.70715E+17,5 11 2013,2000,90,43.5,80,Vestas Wind Systems A/S,V 90 2,810,Brønderslev,LAND,"Ø.Linderup By, Ø.Brønderslev",1a,563167.22,6346718.64,SDFE2018
T350,Point (563464.42000000004190952 6346709.94000000040978193),5.70715E+17,2 11 2013,2000,90,43.5,80,Vestas Wind Systems A/S,V 90 2,810,Brønderslev,LAND,"Ø.Linderup By, Ø.Brønderslev",1a,563464.42,6346709.94,SDFE2018
T351,Point (558044.92000000004190952 6342987.99000000022351742),5.70715E+17,23 11 2016,3450,112,54.5,84,Vestas Wind Systems A/S,V117-3.45 MW,810,Brønderslev,LAND,"Ø. Brønderslev By, Ø. Brønderslev",4m,558044.92,6342987.99,SDFE2018
T352,Point (557749.10999999998603016 6343146.48000000044703484),5.70715E+17,15 11 2016,3450,112,54.5,84,Vestas Wind Systems A/S,V117-3.45 MW,810,Brønderslev,LAND,"Ø. Brønderslev By, Ø. Brønderslev",1c,557749.11,6343146.48,SDFE2018
T353,Point (557450.89000000001396984 6343304.00999999977648258),5.70715E+17,15 11 2016,3450,112,54.5,84,Vestas Wind Systems A/S,V117-3.45 MW,810,Brønderslev,LAND,"Ø. Brønderslev By, Ø. Brønderslev",69a,557450.89,6343304.01,SDFE2018
T354,Point (584549 6336638),5.70715E+17,22 12 2017,3450,112,54.5,84,Vestas Wind Systems A/S,"V112-3,45MW",810,Brønderslev,LAND,"Del 1 af 7a, Asaa BY, Asaa-Melholt",7a,584549,6336638,SDFE2018
T355,Point (584887 6336681),5.70715E+17,22 12 2017,3450,112,54.5,84,Vestas Wind Systems A/S,"V112-3,45MW",810,Brønderslev,LAND,"Del nr. 2 af 7a, Asaa By, Asaa-Melholt",7a,584887,6336681,SDFE2018
T356,Point (585210.2099999999627471 6336783.94000000040978193),5.70715E+17,29 01 2018,3450,112,54.5,84,Vestas Wind Systems A/S,"V112-3,45MW",810,Brønderslev,LAND,"Del nr. 3 af 7a, Asaa By, Asaa-Melholt",7a,585210.21,6336783.94,SDFE2018
T357,Point (585511.64000000001396984 6336941.12000000011175871),5.70715E+17,1 02 2018,3450,112,54.5,84,Vestas Wind Systems A/S,"V112-3,45MW",810,Brønderslev,LAND,"Del nr. 4 af 5i, Asaa By, Asaa-Melholt",5i,585511.64,6336941.12,SDFE2018
T358,Point (585778.55000000004656613 6337149.79999999981373549),5.70715E+17,1 02 2018,3450,112,54.5,84,Vestas Wind Systems A/S,"V112-3,45MW",810,Brønderslev,LAND,"Del nr. 5 af 6e, Asaa By, Asaa-Melholt",6e,585778.55,6337149.8,SDFE2018
T359,Point (581655 6342789),5.71313E+17,1 10 2013,3000,90,43.5,80,Vestas Wind Systems A/S,V 90-3 MW,810,Brønderslev,LAND,"Kvisselholtgård, Dronninglund",1a,581655,6342789,SDFE2018
T360,Point (581547.38000000000465661 6343227.92999999970197678),5.71313E+17,1 10 2013,3000,90,43.5,80,Vestas Wind Systems A/S,V 90-3 MW,810,Brønderslev,LAND,"Voergård Hgd., Voer",1h,581547.38,6343227.93,SDFE2018
T361,Point (581439 6343664),5.71313E+17,1 10 2013,3000,90,43.5,80,Vestas Wind Systems A/S,V 90-3 MW,810,Brønderslev,LAND,"Voergård Hgd., Voer",1h,581439,6343664,SDFE2018
T362,Point (582010 6342941),5.71313E+17,1 10 2013,3000,90,43.5,80,Vestas Wind Systems A/S,V 90-3 MW,810,Brønderslev,LAND,"Kvisselholtgård, Dronninglund",1a,582010,6342941,SDFE2018
T363,Point (581902 6343379),5.71313E+17,1 10 2013,3000,90,43.5,80,Vestas Wind Systems A/S,V 90-3 MW,810,Brønderslev,LAND,"Voergård Hgd., Voer",1i,581902,6343379,SDFE2018
T364,Point (581794 6343819),5.71313E+17,1 10 2013,3000,90,43.5,80,Vestas Wind Systems A/S,V 90-3 MW,810,Brønderslev,LAND,"Voergård Hgd., Voer",1i,581794,6343819,SDFE2018
T365,Point (588964.64000000001396984 6353076.92999999970197678),5.70715E+17,27 08 2015,2000,80,38.5,67,Vestas Wind Systems A/S,V 80-2 MW,813,Frederikshavn,LAND,"Grønhede, Volstrup",19a,588964.64,6353076.93,SDFE2018
T366,Point (589015.48999999999068677 6352781.16000000014901161),5.70715E+17,27 08 2015,2000,80,38.5,67,Vestas Wind Systems A/S,V 80-2 MW,813,Frederikshavn,LAND,"Grønhede, Volstrup",19a,589015.49,6352781.16,SDFE2018
T367,Point (579725.73999999999068677 6359281.91000000014901161),5.71313E+17,2 12 2013,3000,90,43.5,80,Vestas Wind Systems A/S,V 90-3 MW,813,Frederikshavn,LAND,"Den Nordøstlige Del, Torslev",2a,579725.74,6359281.91,SDFE2018
T368,Point (579483.69999999995343387 6359439.29999999981373549),5.71313E+17,2 12 2013,3000,90,43.5,80,Vestas Wind Systems A/S,V 90-3 MW,813,Frederikshavn,LAND,"Den Nordøstlige Del, Torslev",2a,579483.7,6359439.3,SDFE2018
T369,Point (579242.31999999994877726 6359597.03000000026077032),5.71313E+17,2 12 2013,3000,90,43.5,80,Vestas Wind Systems A/S,V 90-3 MW,813,Frederikshavn,LAND,"Den Nordøstlige Del, Torslev",18a,579242.32,6359597.03,SDFE2018
T370,Point (578997.81000000005587935 6359756.08000000007450581),5.71313E+17,2 12 2013,3000,90,43.5,80,Vestas Wind Systems A/S,V 90-3 MW,813,Frederikshavn,LAND,"Den Nordøstlige Del, Torslev",18a,578997.81,6359756.08,SDFE2018
T371,Point (532307.90000000002328306 6282945.98000000044703484),5.70715E+17,24 11 2011,3000,90,43.5,80,Vestas Wind Systems A/S,V 90-3 MW,820,Vesthimmerlands,LAND,Ll. Restrup Hdg. Hvam,1 aæ,532307.9,6282945.98,SDFE2018
T372,Point (532146.16000000003259629 6282627.87999999988824129),5.70715E+17,26 11 2011,3000,90,43.5,80,Vestas Wind Systems A/S,V 90-3 MW,820,Vesthimmerlands,LAND,Ll. Restrup Hdg. Hvam,1 az,532146.16,6282627.88,SDFE2018
T373,Point (531985.98999999999068677 6282311.12000000011175871),5.70715E+17,30 11 2011,3000,90,43.5,80,Vestas Wind Systems A/S,V 90-3 MW,820,Vesthimmerlands,LAND,Ll. Restrup Hdg. Hvam,1 aø,531985.99,6282311.12,SDFE2018
T374,Point (531823.93000000005122274 6281993.44000000040978193),5.70715E+17,22 11 2011,3000,90,43.5,80,Vestas Wind Systems A/S,V 90-3 MW,820,Vesthimmerlands,LAND,Ll. Restrup Hdg. Hvam,1 ba,531823.93,6281993.44,SDFE2018
T375,Point (523427.65999999997438863 6300323.58999999985098839),5.70715E+17,27 06 2013,3075,112,54.5,84,Vestas Wind Systems A/S,V112-3.0MW,820,Vesthimmerlands,LAND,Ørndrup Hovedgård,1a,523427.66,6300323.59,SDFE2018
T376,Point (523633.42999999999301508 6300065.07000000029802322),5.70715E+17,28 06 2013,3075,112,54.5,94,Vestas Wind Systems A/S,V112-3.0MW,820,Vesthimmerlands,LAND,Krogstrup By,7h,523633.43,6300065.07,SDFE2018
T377,Point (523840.77000000001862645 6299804.83000000007450581),5.70715E+17,26 06 2013,3075,112,54.5,94,Vestas Wind Systems A/S,V112-3.0MW,820,Vesthimmerlands,LAND,Krogstrup By,7h,523840.77,6299804.83,SDFE2018
T378,Point (524047.23999999999068677 6299546.01999999955296516),5.70715E+17,26 06 2013,3075,112,54.5,94,Vestas Wind Systems A/S,V112-3.0MW,820,Vesthimmerlands,LAND,Krogstrup By,6b,524047.24,6299546.02,SDFE2018
T379,Point (547044.0400000000372529 6284653.12000000011175871),5.70715E+17,28 12 2011,3000,90,43.5,80,Vestas Wind Systems A/S,V 90-3 MW,846,Mariagerfjord,LAND,"Døstrup by, Døstrup",16ø,547044.04,6284653.12,SDFE2018
T380,Point (547155.18999999994412065 6284373.92999999970197678),5.70715E+17,28 12 2011,3000,90,43.5,80,Vestas Wind Systems A/S,V 90-3 MW,846,Mariagerfjord,LAND,"Døstrup by, Døstrup",16æ,547155.19,6284373.93,SDFE2018
T381,Point (547130.21999999997206032 6284075.0400000000372529),5.70715E+17,23 12 2011,3000,90,43.5,80,Vestas Wind Systems A/S,V 90-3 MW,846,Mariagerfjord,LAND,"Døstrup by, Døstrup",16ø,547130.22,6284075.04,SDFE2018
T382,Point (546976.13000000000465661 6283818.17999999970197678),5.70715E+17,23 12 2011,3000,90,43.5,80,Vestas Wind Systems A/S,V 90-3 MW,846,Mariagerfjord,LAND,"Døstrup by, Døstrup",18r,546976.13,6283818.18,SDFE2018
T383,Point (546723.91000000003259629 6283656.09999999962747097),5.70715E+17,23 12 2011,3000,90,43.5,80,Vestas Wind Systems A/S,V 90-3 MW,846,Mariagerfjord,LAND,"Døstrup by, Døstrup",18s,546723.91,6283656.1,SDFE2018
T384,Point (538528.92000000004190952 6276602.71999999973922968),5.70715E+17,19 12 2012,3000,90,43.5,80,Vestas Wind Systems A/S,V 90-3 MW,846,Mariagerfjord,LAND,"Snæbum by, Snæbum",11m,538528.92,6276602.72,SDFE2018
T385,Point (538437.69999999995343387 6276861.71999999973922968),5.70715E+17,14 12 2012,3000,90,43.5,80,Vestas Wind Systems A/S,V 90-3 MW,846,Mariagerfjord,LAND,"V.Gundestrup, Hvilsom",1i,538437.7,6276861.72,SDFE2018
T386,Point (538347.36999999999534339 6277119.86000000033527613),5.70715E+17,13 12 2012,3000,90,43.5,80,Vestas Wind Systems A/S,V 90-3 MW,846,Mariagerfjord,LAND,"V.Gundestrup, Hvilsom",1l,538347.37,6277119.86,SDFE2018
T387,Point (573124.30000000004656613 6293805),5.71313E+17,22 11 2021,4200,136,66.5,82,Vestas Wind Systems A/S,V136-4.2 MW,846,Mariagerfjord,LAND,"Veddum by, Skelund 641052",15a,573124.3,6293805,Stamdata
T388,Point (573022.09999999997671694 6294158.5),5.71313E+17,22 11 2021,4200,136,66.5,82,Vestas Wind Systems A/S,V136-4.2 MW,846,Mariagerfjord,LAND,"Veddum by, Skelund 641052",15a,573022.1,6294158.5,Stamdata
T389,Point (572919.90000000002328306 6294512),5.71313E+17,23 11 2021,4200,136,66.5,82,Vestas Wind Systems A/S,V136-4.2 MW,846,Mariagerfjord,LAND,"Veddum by, Skelund 641052",12s,572919.9,6294512,Stamdata
T390,Point (572817.69999999995343387 6294865.5),5.71313E+17,7 12 2021,4200,136,66.5,82,Vestas Wind Systems A/S,V136-4.2 MW,846,Mariagerfjord,LAND,"Veddum by, Skelund 641052",19h,572817.7,6294865.5,Stamdata
T391,Point (572715.5 6295219.09999999962747097),5.71313E+17,7 12 2021,4200,136,66.5,82,Vestas Wind Systems A/S,V136-4.2 MW,846,Mariagerfjord,LAND,"Veddum by, Skelund 641052",16q,572715.5,6295219.1,Stamdata
T392,Point (573457.40000000002328306 6294147.09999999962747097),5.71313E+17,23 11 2021,4200,136,66.5,82,Vestas Wind Systems A/S,V136-4.2 MW,846,Mariagerfjord,LAND,"Veddum by, Skelund 641052",20f,573457.4,6294147.1,Stamdata
T393,Point (573355.19999999995343387 6294500.59999999962747097),5.71313E+17,23 11 2021,4200,136,66.5,82,Vestas Wind Systems A/S,V136-4.2 MW,846,Mariagerfjord,LAND,"Veddum by, Skelund 641052",20f,573355.2,6294500.6,Stamdata
T394,Point (573252.90000000002328306 6294854.09999999962747097),5.71313E+17,23 11 2021,4200,136,66.5,82,Vestas Wind Systems A/S,V136-4.2 MW,846,Mariagerfjord,LAND,"Veddum by, Skelund 641052",33o,573252.9,6294854.1,Stamdata
T395,Point (573150.69999999995343387 6295207.59999999962747097),5.71313E+17,7 12 2021,4200,136,66.5,82,Vestas Wind Systems A/S,V136-4.2 MW,846,Mariagerfjord,LAND,"Veddum by, Skelund 641052",16b,573150.7,6295207.6,Stamdata
T396,Point (553694 6269379),5.71313E+17,22 12 2017,3600,126,61.5,87,Vestas Wind Systems A/S,V126-3.6 MW,846,Mariagerfjord,LAND,"Handest By, Glenstrup",11i,553694,6269379,SDFE2018
T397,Point (553439.82999999995809048 6269696.16000000014901161),5.71313E+17,23 01 2018,3600,126,61.5,87,Vestas Wind Systems A/S,V126-3.6 MW,846,Mariagerfjord,LAND,"Handest By, Glenstrup",5ao,553439.83,6269696.16,SDFE2018
T398,Point (553186 6270012),5.71313E+17,30 12 2017,3600,126,61.5,87,Vestas Wind Systems A/S,V126-3.6 MW,846,Mariagerfjord,LAND,"Handest By, Glenstrup",3p,553186,6270012,SDFE2018
T399,Point (553905 6269808),5.71313E+17,27 12 2017,3600,126,61.5,87,Vestas Wind Systems A/S,V126-3.6 MW,846,Mariagerfjord,LAND,"Handest By, Glenstrup",12f,553905,6269808,SDFE2018
T400,Point (553651.17000000004190952 6270125.16000000014901161),5.71313E+17,2 02 2018,3600,126,61.5,87,Vestas Wind Systems A/S,V126-3.6 MW,846,Mariagerfjord,LAND,"Handest By, Glenstrup",4l,553651.17,6270125.16,SDFE2018
T401,Point (553397.11999999999534339 6270439.33000000007450581),5.71313E+17,5 01 2018,3600,126,61.5,87,Vestas Wind Systems A/S,V126-3.6 MW,846,Mariagerfjord,LAND,"Handest By, Glenstrup",4i,553397.12,6270439.33,SDFE2018
T402,Point (540038.40000000002328306 6346405.28000000026077032),5.70715E+17,25 06 2015,3300,112,54.5,94,Vestas Wind Systems A/S,V112-3.3MW,849,Jammerbugt,LAND,"Østrup By, Saltum",1a,540038.4,6346405.28,SDFE2018
T403,Point (540268.88000000000465661 6346162.03000000026077032),5.70715E+17,27 06 2015,3300,112,54.5,94,Vestas Wind Systems A/S,V112-3.3MW,849,Jammerbugt,LAND,"Østrup By, Saltum",1a,540268.88,6346162.03,SDFE2018
T404,Point (540494.96999999997206032 6345919.21999999973922968),5.70715E+17,13 07 2015,3300,112,54.5,94,Vestas Wind Systems A/S,V112-3.3MW,849,Jammerbugt,LAND,"Østrup By, Saltum",6b,540494.97,6345919.22,SDFE2018
T405,Point (540726.06999999994877726 6345675.40000000037252903),5.70715E+17,4 07 2015,3300,112,54.5,94,Vestas Wind Systems A/S,V112-3.3MW,849,Jammerbugt,LAND,"Østrup By, Saltum",9a,540726.07,6345675.4,SDFE2018
T406,Point (540957.39000000001396984 6345431.09999999962747097),5.70715E+17,18 06 2015,3300,112,54.5,94,Vestas Wind Systems A/S,V112-3.3MW,849,Jammerbugt,LAND,"Østrup By, Saltum",2c,540957.39,6345431.1,SDFE2018
T407,Point (541187.80000000004656613 6345186.87999999988824129),5.70715E+17,20 06 2015,3300,112,54.5,94,Vestas Wind Systems A/S,V112-3.3MW,849,Jammerbugt,LAND,"Østrup By, Saltum",3m,541187.8,6345186.88,SDFE2018
T408,Point (567144 6367447),5.70715E+17,3 12 2017,3600,117,57,91.5,Vestas Wind Systems A/S,V117-3.6 MW,860,Hjørring,LAND,"Den nordlig-mellemste Del, Ugilt",1y,567144,6367447,SDFE2018
